State_ID,plant_id,plant_name,plant_group,min_height(ft),max_height(ft),water_necessity (1Lcup/day),maintenance,sunlight,indoor,outdoor,potted,shortest_growth_period(year),longest_growth_period(year),min_area_square_feet,Co2_absorption(kg)_per_year,O2_release(kg)_per_year,lifetime(year),lowest_temp,highest_temp,Uses,description,Current_Market_Price_MMK_per_kg,Price_Unit
SHN_S,1.0,Mint,vegetable,0.3,1.0,1.0,Low,Partial Sun,Yes,Yes,Yes,0.08,0.25,1.0,0.8,0.6,3.0,5.0,30.0,"Culinary (flavoring, tea), medicinal (digestion, headache relief), garnish",Fast-growing aromatic herb used fresh or dried in cooking and teas.,"4,287",MMK/kg
MDY,1.0,Mint,vegetable,0.3,1.0,1.0,Low,Partial Sun,Yes,Yes,Yes,0.08,0.25,1.0,0.8,0.6,3.0,5.0,30.0,"Culinary (flavoring, tea), medicinal (digestion, headache relief), garnish",Fast-growing aromatic herb used fresh or dried in cooking and teas.,"4,287",MMK/kg
SAG,1.0,Mint,vegetable,0.3,1.0,1.0,Low,Partial Sun,Yes,Yes,Yes,0.08,0.25,1.0,0.8,0.6,3.0,5.0,30.0,"Culinary (flavoring, tea), medicinal (digestion, headache relief), garnish",Fast-growing aromatic herb used fresh or dried in cooking and teas.,"4,287",MMK/kg
SHN_S,2.0,Basil,vegetable,0.8,2.0,1.0,Low,Full Sun,Yes,Yes,Yes,0.5,0.25,1.0,1,0.7,1.0,10.0,35.0,"Culinary (pesto, salads, cooking), medicinal (anti-inflammatory, digestive)","Fragrant annual herb used widely in cooking, especially Mediterranean and Southeast Asian dishes.","3,674",MMK/kg
MDY,2.0,Basil,vegetable,0.8,2.0,1.0,Low,Full Sun,Yes,Yes,Yes,0.5,0.25,1.0,1,0.7,1.0,10.0,35.0,"Culinary (pesto, salads, cooking), medicinal (anti-inflammatory, digestive)","Fragrant annual herb used widely in cooking, especially Mediterranean and Southeast Asian dishes.","3,674",MMK/kg
YGN,2.0,Basil,vegetable,0.8,2.0,1.0,Low,Full Sun,Yes,Yes,Yes,0.5,0.25,1.0,1,0.7,1.0,10.0,35.0,"Culinary (pesto, salads, cooking), medicinal (anti-inflammatory, digestive)","Fragrant annual herb used widely in cooking, especially Mediterranean and Southeast Asian dishes.","3,674",MMK/kg
MDY,3.0,Coriander,vegetable,0.5,1.5,1.0,Low,Partial Sun,Yes,Yes,Yes,0.08,0.25,1.0,0.9,0.6,1.0,8.0,30.0,"Culinary (leaves & seeds, garnishing), medicinal (digestive aid, anti-diabetic)","Quick-growing herb; leaves used fresh, seeds as spice.","6,124",MMK/kg
SAG,3.0,Coriander,vegetable,0.5,1.5,1.0,Low,Partial Sun,Yes,Yes,Yes,0.08,0.25,1.0,0.9,0.6,1.0,8.0,30.0,"Culinary (leaves & seeds, garnishing), medicinal (digestive aid, anti-diabetic)","Quick-growing herb; leaves used fresh, seeds as spice.","6,124",MMK/kg
BGO,3.0,Coriander,vegetable,0.5,1.5,1.0,Low,Partial Sun,Yes,Yes,Yes,0.08,0.25,1.0,0.9,0.6,1.0,8.0,30.0,"Culinary (leaves & seeds, garnishing), medicinal (digestive aid, anti-diabetic)","Quick-growing herb; leaves used fresh, seeds as spice.","6,124",MMK/kg
YGN,3.0,Coriander,vegetable,0.5,1.5,1.0,Low,Partial Sun,Yes,Yes,Yes,0.08,0.25,1.0,0.9,0.6,1.0,8.0,30.0,"Culinary (leaves & seeds, garnishing), medicinal (digestive aid, anti-diabetic)","Quick-growing herb; leaves used fresh, seeds as spice.","6,124",MMK/kg
SHN_S,4.0,Tomato,vegetable,2.0,6.0,4.0,Medium,Full Sun,Yes,Yes,Yes,0.25,0.5,4.0,3,2.0,1.0,10.0,35.0,"Culinary (salads, sauces, cooking), juice, medicinal (antioxidants)",Popular fruit-vegetable with many varieties; responsive to warm weather and regular water.,"2,756",MMK/kg
YGN,4.0,Tomato,vegetable,2.0,6.0,4.0,Medium,Full Sun,Yes,Yes,Yes,0.25,0.5,4.0,3,2.0,1.0,10.0,35.0,"Culinary (salads, sauces, cooking), juice, medicinal (antioxidants)",Popular fruit-vegetable with many varieties; responsive to warm weather and regular water.,"2,756",MMK/kg
MDY,4.0,Tomato,vegetable,2.0,6.0,4.0,Medium,Full Sun,Yes,Yes,Yes,0.25,0.5,4.0,3,2.0,1.0,10.0,35.0,"Culinary (salads, sauces, cooking), juice, medicinal (antioxidants)",Popular fruit-vegetable with many varieties; responsive to warm weather and regular water.,"2,756",MMK/kg
BGO,4.0,Tomato,vegetable,2.0,6.0,4.0,Medium,Full Sun,Yes,Yes,Yes,0.25,0.5,4.0,3,2.0,1.0,10.0,35.0,"Culinary (salads, sauces, cooking), juice, medicinal (antioxidants)",Popular fruit-vegetable with many varieties; responsive to warm weather and regular water.,"2,756",MMK/kg
SHN_S,5.0,Chilli,vegetable,1.0,3.0,2.0,Medium,Full Sun,Yes,Yes,Yes,0.25,0.5,2.0,2,1.0,2.0,12.0,38.0,"Culinary (spice, sauces), medicinal (metabolism booster, pain relief)","Spicy fruit used fresh or dried; prefers warm, sunny sites.","11,023",MMK/kg
YGN,5.0,Chilli,vegetable,1.0,3.0,2.0,Medium,Full Sun,Yes,Yes,Yes,0.25,0.5,2.0,2,1.0,2.0,12.0,38.0,"Culinary (spice, sauces), medicinal (metabolism booster, pain relief)","Spicy fruit used fresh or dried; prefers warm, sunny sites.","11,023",MMK/kg
MDY,5.0,Chilli,vegetable,1.0,3.0,2.0,Medium,Full Sun,Yes,Yes,Yes,0.25,0.5,2.0,2,1.0,2.0,12.0,38.0,"Culinary (spice, sauces), medicinal (metabolism booster, pain relief)","Spicy fruit used fresh or dried; prefers warm, sunny sites.","11,023",MMK/kg
BGO,5.0,Chilli,vegetable,1.0,3.0,2.0,Medium,Full Sun,Yes,Yes,Yes,0.25,0.5,2.0,2,1.0,2.0,12.0,38.0,"Culinary (spice, sauces), medicinal (metabolism booster, pain relief)","Spicy fruit used fresh or dried; prefers warm, sunny sites.","11,023",MMK/kg
AYY,6.0,Eggplant,vegetable,2.0,4.0,4.0,Medium,Full Sun,No,Yes,Yes,0.25,0.4,4.0,3,2.0,1.0,10.0,35.0,"Culinary (stir-fry, curry, roasting), medicinal (fiber, antioxidants)",Warm-season fruit with shallow roots; benefits from staking and regular feeding.,"2,143",MMK/kg
BGO,6.0,Eggplant,vegetable,2.0,4.0,4.0,Medium,Full Sun,No,Yes,Yes,0.25,0.4,4.0,3,2.0,1.0,10.0,35.0,"Culinary (stir-fry, curry, roasting), medicinal (fiber, antioxidants)",Warm-season fruit with shallow roots; benefits from staking and regular feeding.,"2,143",MMK/kg
YGN,6.0,Eggplant,vegetable,2.0,4.0,4.0,Medium,Full Sun,No,Yes,Yes,0.25,0.4,4.0,3,2.0,1.0,10.0,35.0,"Culinary (stir-fry, curry, roasting), medicinal (fiber, antioxidants)",Warm-season fruit with shallow roots; benefits from staking and regular feeding.,"2,143",MMK/kg
SHN_s,7.0,Cabbage,vegetable,1.0,2.0,4.0,Medium,Full Sun,No,Yes,No,0.25,0.5,3.0,3,2.0,1.0,5.0,28.0,"Culinary (salads, soups, fermenting), medicinal (anti-inflammatory, digestion)",Cool-season leafy vegetable forming a dense head; prefers even moisture.,"1,837",MMK/kg
MDY,7.0,Cabbage,vegetable,1.0,2.0,4.0,Medium,Full Sun,No,Yes,No,0.25,0.5,3.0,3,2.0,1.0,5.0,28.0,"Culinary (salads, soups, fermenting), medicinal (anti-inflammatory, digestion)",Cool-season leafy vegetable forming a dense head; prefers even moisture.,"1,837",MMK/kg
SAG,7.0,Cabbage,vegetable,1.0,2.0,4.0,Medium,Full Sun,No,Yes,No,0.25,0.5,3.0,3,2.0,1.0,5.0,28.0,"Culinary (salads, soups, fermenting), medicinal (anti-inflammatory, digestion)",Cool-season leafy vegetable forming a dense head; prefers even moisture.,"1,837",MMK/kg
MDY,8.0,Onion,vegetable,0.5,1.5,2.0,Low,Full Sun,Yes,Yes,Yes,0.25,0.5,1.0,2,1.0,1.0,5.0,32.0,"Cooking, flavoring, medicinal (antibacterial, cardiovascular health)",Bulb crop grown for its pungent bulb; stores well when cured.,"3,368",MMK/kg
SAG,8.0,Onion,vegetable,0.5,1.5,2.0,Low,Full Sun,Yes,Yes,Yes,0.25,0.5,1.0,2,1.0,1.0,5.0,32.0,"Cooking, flavoring, medicinal (antibacterial, cardiovascular health)",Bulb crop grown for its pungent bulb; stores well when cured.,"3,368",MMK/kg
SHN_S,8.0,Onion,vegetable,0.5,1.5,2.0,Low,Full Sun,Yes,Yes,Yes,0.25,0.5,1.0,2,1.0,1.0,5.0,32.0,"Cooking, flavoring, medicinal (antibacterial, cardiovascular health)",Bulb crop grown for its pungent bulb; stores well when cured.,"3,368",MMK/kg
YGN,8.0,Onion,vegetable,0.5,1.5,2.0,Low,Full Sun,Yes,Yes,Yes,0.25,0.5,1.0,2,1.0,1.0,5.0,32.0,"Cooking, flavoring, medicinal (antibacterial, cardiovascular health)",Bulb crop grown for its pungent bulb; stores well when cured.,"3,368",MMK/kg
MDY,9.0,Garlic,vegetable,0.5,1.5,2.0,Low,Full Sun,Yes,Yes,Yes,0.33,0.5,1.0,2,1.0,1.0,5.0,30.0,"Culinary (stir-fry, seasoning), medicinal (immune support, cardiovascular)",Pungent bulb used for flavor and traditional remedies; clove planting in cool season.,"11,023",MMK/kg
SAG,9.0,Garlic,vegetable,0.5,1.5,2.0,Low,Full Sun,Yes,Yes,Yes,0.33,0.5,1.0,2,1.0,1.0,5.0,30.0,"Culinary (stir-fry, seasoning), medicinal (immune support, cardiovascular)",Pungent bulb used for flavor and traditional remedies; clove planting in cool season.,"11,023",MMK/kg
SHN_S,9.0,Garlic,vegetable,0.5,1.5,2.0,Low,Full Sun,Yes,Yes,Yes,0.33,0.5,1.0,2,1.0,1.0,5.0,30.0,"Culinary (stir-fry, seasoning), medicinal (immune support, cardiovascular)",Pungent bulb used for flavor and traditional remedies; clove planting in cool season.,"11,023",MMK/kg
SHN_S,10.0,Potato,vegetable,1.0,2.5,2.0,Medium,Full Sun,No,Yes,Yes,0.25,0.4,2.0,3,2.0,1.0,4.0,30.0,"Cooking (boiled, fried, baking), starch source",Tubers grown underground; prefers loose soil and hilling for tuber development.,"2,940",MMK/kg
CHN,10.0,Potato,vegetable,1.0,2.5,2.0,Medium,Full Sun,No,Yes,Yes,0.25,0.4,2.0,3,2.0,1.0,4.0,30.0,"Cooking (boiled, fried, baking), starch source",Tubers grown underground; prefers loose soil and hilling for tuber development.,"2,940",MMK/kg
KCH,10.0,Potato,vegetable,1.0,2.5,2.0,Medium,Full Sun,No,Yes,Yes,0.25,0.4,2.0,3,2.0,1.0,4.0,30.0,"Cooking (boiled, fried, baking), starch source",Tubers grown underground; prefers loose soil and hilling for tuber development.,"2,940",MMK/kg
SHN_S,11.0,Ginger,vegetable,1.0,3.0,4.0,Medium,Partial Sun,Yes,Yes,Yes,0.5,1.0,2.0,2,1.0,4.0,12.0,35.0,"Culinary (tea, cooking), medicinal (digestion, nausea relief)","Aromatic rhizome used fresh or dried; likes warm, humid conditions and filtered sun.","5,205",MMK/kg
KYN,11.0,Ginger,vegetable,1.0,3.0,4.0,Medium,Partial Sun,Yes,Yes,Yes,0.5,1.0,2.0,2,1.0,4.0,12.0,35.0,"Culinary (tea, cooking), medicinal (digestion, nausea relief)","Aromatic rhizome used fresh or dried; likes warm, humid conditions and filtered sun.","5,205",MMK/kg
TNY,11.0,Ginger,vegetable,1.0,3.0,4.0,Medium,Partial Sun,Yes,Yes,Yes,0.5,1.0,2.0,2,1.0,4.0,12.0,35.0,"Culinary (tea, cooking), medicinal (digestion, nausea relief)","Aromatic rhizome used fresh or dried; likes warm, humid conditions and filtered sun.","5,205",MMK/kg
SHN_S,12.0,Turmeric,vegetable,1.0,3.0,4.0,Medium,Partial Sun,Yes,Yes,Yes,0.5,1.0,2.0,2,1.0,4.0,10.0,35.0,"Culinary (spice, curry), medicinal (anti-inflammatory, antioxidant)",Golden rhizome used in cooking and traditional medicine; similar requirements to ginger.,"6,124",MMK/kg
KYN,12.0,Turmeric,vegetable,1.0,3.0,4.0,Medium,Partial Sun,Yes,Yes,Yes,0.5,1.0,2.0,2,1.0,4.0,10.0,35.0,"Culinary (spice, curry), medicinal (anti-inflammatory, antioxidant)",Golden rhizome used in cooking and traditional medicine; similar requirements to ginger.,"6,124",MMK/kg
MON,12.0,Turmeric,vegetable,1.0,3.0,4.0,Medium,Partial Sun,Yes,Yes,Yes,0.5,1.0,2.0,2,1.0,4.0,10.0,35.0,"Culinary (spice, curry), medicinal (anti-inflammatory, antioxidant)",Golden rhizome used in cooking and traditional medicine; similar requirements to ginger.,"6,124",MMK/kg
AYY,13.0,Pumpkin,vegetable,1.0,2.0,4.0,Medium,Full Sun,No,Yes,No,0.25,0.5,9.0,4,3.0,1.0,12.0,35.0,"Cooking (soups, baking), desserts, medicinal (vitamin-rich)",Vining crop producing large fruits; needs space and fertile soil.,"1,531",MMK/kg
BGO,13.0,Pumpkin,vegetable,1.0,2.0,4.0,Medium,Full Sun,No,Yes,No,0.25,0.5,9.0,4,3.0,1.0,12.0,35.0,"Cooking (soups, baking), desserts, medicinal (vitamin-rich)",Vining crop producing large fruits; needs space and fertile soil.,"1,531",MMK/kg
YGN,13.0,Pumpkin,vegetable,1.0,2.0,4.0,Medium,Full Sun,No,Yes,No,0.25,0.5,9.0,4,3.0,1.0,12.0,35.0,"Cooking (soups, baking), desserts, medicinal (vitamin-rich)",Vining crop producing large fruits; needs space and fertile soil.,"1,531",MMK/kg
AYY,14.0,Cucumber,vegetable,1.0,6.0,4.0,Medium,Full Sun,No,Yes,Yes,0.15,0.3,4.0,2,2.0,1.0,12.0,35.0,"Culinary (salads, pickling), medicinal (hydration, skin care)",High-water content fruit grown on vines; prefers regular water and warmth.,"1,715",MMK/kg
BGO,14.0,Cucumber,vegetable,1.0,6.0,4.0,Medium,Full Sun,No,Yes,Yes,0.15,0.3,4.0,2,2.0,1.0,12.0,35.0,"Culinary (salads, pickling), medicinal (hydration, skin care)",High-water content fruit grown on vines; prefers regular water and warmth.,"1,715",MMK/kg
MDY,14.0,Cucumber,vegetable,1.0,6.0,4.0,Medium,Full Sun,No,Yes,Yes,0.15,0.3,4.0,2,2.0,1.0,12.0,35.0,"Culinary (salads, pickling), medicinal (hydration, skin care)",High-water content fruit grown on vines; prefers regular water and warmth.,"1,715",MMK/kg
SHN_S,15.0,Lettuce,vegetable,0.2,0.5,2.0,Low,Partial Sun,Yes,Yes,Yes,0.08,0.2,1.0,0.8,0.5,1.0,4.0,25.0,"Salads, sandwiches, wraps, culinary garnish",Quick-maturing leafy green; prefers cool conditions and consistent moisture.,"3,674",MMK/kg
MDY,15.0,Lettuce,vegetable,0.2,0.5,2.0,Low,Partial Sun,Yes,Yes,Yes,0.08,0.2,1.0,0.8,0.5,1.0,4.0,25.0,"Salads, sandwiches, wraps, culinary garnish",Quick-maturing leafy green; prefers cool conditions and consistent moisture.,"3,674",MMK/kg
CHN,15.0,Lettuce,vegetable,0.2,0.5,2.0,Low,Partial Sun,Yes,Yes,Yes,0.08,0.2,1.0,0.8,0.5,1.0,4.0,25.0,"Salads, sandwiches, wraps, culinary garnish",Quick-maturing leafy green; prefers cool conditions and consistent moisture.,"3,674",MMK/kg
SHN_S,16.0,Pea plant,vegetable,1.0,6.0,2.0,Medium,Full Sun,Yes,Yes,Yes,0.17,0.33,2.0,2,1.0,1.0,5.0,28.0,"Fresh pods, dried peas, cooking, snacking",Nitrogen-fixing legume; climbs with support and produces edible pods.,"5,000",MMK/kg
MDY,16.0,Pea plant,vegetable,1.0,6.0,2.0,Medium,Full Sun,Yes,Yes,Yes,0.17,0.33,2.0,2,1.0,1.0,5.0,28.0,"Fresh pods, dried peas, cooking, snacking",Nitrogen-fixing legume; climbs with support and produces edible pods.,"5,000",MMK/kg
SAG,16.0,Pea plant,vegetable,1.0,6.0,2.0,Medium,Full Sun,Yes,Yes,Yes,0.17,0.33,2.0,2,1.0,1.0,5.0,28.0,"Fresh pods, dried peas, cooking, snacking",Nitrogen-fixing legume; climbs with support and produces edible pods.,"5,000",MMK/kg
SHN_S,17.0,Corn,vegetable,3.0,8.0,8.0,Medium,Full Sun,No,Yes,No,0.25,0.5,2.0,6,4.0,1.0,10.0,35.0,"Grain, feed, cooking, culinary (cornmeal, corn syrup)",Tall annual cereal grown for grain; needs fertile soil and full sun.,"1,837",MMK/kg
SAG,17.0,Corn,vegetable,3.0,8.0,8.0,Medium,Full Sun,No,Yes,No,0.25,0.5,2.0,6,4.0,1.0,10.0,35.0,"Grain, feed, cooking, culinary (cornmeal, corn syrup)",Tall annual cereal grown for grain; needs fertile soil and full sun.,"1,837",MMK/kg
MDY,17.0,Corn,vegetable,3.0,8.0,8.0,Medium,Full Sun,No,Yes,No,0.25,0.5,2.0,6,4.0,1.0,10.0,35.0,"Grain, feed, cooking, culinary (cornmeal, corn syrup)",Tall annual cereal grown for grain; needs fertile soil and full sun.,"1,837",MMK/kg
MDY,19.0,Sweet potato,vegetable,1.0,3.0,4.0,Low,Full Sun,No,Yes,Yes,0.33,0.75,3.0,3,2.0,1.0,10.0,35.0,"Roots cooked, baking, desserts, medicinal (fiber, vitamin A)",Vining root crop producing starchy tubers; tolerant of poorer soils.,"2,143",MMK/kg
SHN_S,19.0,Sweet potato,vegetable,1.0,3.0,4.0,Low,Full Sun,No,Yes,Yes,0.33,0.75,3.0,3,2.0,1.0,10.0,35.0,"Roots cooked, baking, desserts, medicinal (fiber, vitamin A)",Vining root crop producing starchy tubers; tolerant of poorer soils.,"2,143",MMK/kg
SAG,19.0,Sweet potato,vegetable,1.0,3.0,4.0,Low,Full Sun,No,Yes,Yes,0.33,0.75,3.0,3,2.0,1.0,10.0,35.0,"Roots cooked, baking, desserts, medicinal (fiber, vitamin A)",Vining root crop producing starchy tubers; tolerant of poorer soils.,"2,143",MMK/kg
AYY,20.0,Guava,fruit,10.0,20.0,20.0,Low,Full Sun,No,Yes,Yes,2.0,3.0,25.0,25,18.0,25.0,10.0,38.0,"Fresh fruit, jams, medicinal (digestion, immune support)",Hardy tropical tree with sweet-tart fruits; tolerates a range of soils.,"2,450",MMK/kg
BGO,20.0,Guava,fruit,10.0,20.0,20.0,Low,Full Sun,No,Yes,Yes,2.0,3.0,25.0,25,18.0,25.0,10.0,38.0,"Fresh fruit, jams, medicinal (digestion, immune support)",Hardy tropical tree with sweet-tart fruits; tolerates a range of soils.,"2,450",MMK/kg
MDY,20.0,Guava,fruit,10.0,20.0,20.0,Low,Full Sun,No,Yes,Yes,2.0,3.0,25.0,25,18.0,25.0,10.0,38.0,"Fresh fruit, jams, medicinal (digestion, immune support)",Hardy tropical tree with sweet-tart fruits; tolerates a range of soils.,"2,450",MMK/kg
YGN,20.0,Guava,fruit,10.0,20.0,20.0,Low,Full Sun,No,Yes,Yes,2.0,3.0,25.0,25,18.0,25.0,10.0,38.0,"Fresh fruit, jams, medicinal (digestion, immune support)",Hardy tropical tree with sweet-tart fruits; tolerates a range of soils.,"2,450",MMK/kg
AYY,21.0,Papaya,fruit,6.0,15.0,20.0,Low,Full Sun,No,Yes,No,0.5,2.0,16.0,10,7.0,6.0,10.0,40.0,"Fresh fruit, salads, digestive aid, medicinal (papain enzyme)",Fast-growing tropical plant producing sweet fruits within a year under good conditions.,"1,837",MMK/kg
BGO,21.0,Papaya,fruit,6.0,15.0,20.0,Low,Full Sun,No,Yes,No,0.5,2.0,16.0,10,7.0,6.0,10.0,40.0,"Fresh fruit, salads, digestive aid, medicinal (papain enzyme)",Fast-growing tropical plant producing sweet fruits within a year under good conditions.,"1,837",MMK/kg
BGO,21.0,Papaya,fruit,6.0,15.0,20.0,Low,Full Sun,No,Yes,No,0.5,2.0,16.0,10,7.0,6.0,10.0,40.0,"Fresh fruit, salads, digestive aid, medicinal (papain enzyme)",Fast-growing tropical plant producing sweet fruits within a year under good conditions.,"1,837",MMK/kg
YGN,21.0,Papaya,fruit,6.0,15.0,20.0,Low,Full Sun,No,Yes,No,0.5,2.0,16.0,10,7.0,6.0,10.0,40.0,"Fresh fruit, salads, digestive aid, medicinal (papain enzyme)",Fast-growing tropical plant producing sweet fruits within a year under good conditions.,"1,837",MMK/kg
AYY,22.0,Banana,fruit,6.0,25.0,13.0,Medium,Full Sun,No,Yes,Yes,0.75,2.0,16.0,20,14.0,7.0,10.0,38.0,"Fresh fruit, desserts, baking, medicinal (potassium, digestion)",Large herbaceous plant producing clusters of sweet fruit; needs regular water and nutrients.,"3,500",MMK/kg
TNY,22.0,Banana,fruit,6.0,25.0,13.0,Medium,Full Sun,No,Yes,Yes,0.75,2.0,16.0,20,14.0,7.0,10.0,38.0,"Fresh fruit, desserts, baking, medicinal (potassium, digestion)",Large herbaceous plant producing clusters of sweet fruit; needs regular water and nutrients.,"3,500",MMK/kg
YGN,22.0,Banana,fruit,6.0,25.0,13.0,Medium,Full Sun,No,Yes,Yes,0.75,2.0,16.0,20,14.0,7.0,10.0,38.0,"Fresh fruit, desserts, baking, medicinal (potassium, digestion)",Large herbaceous plant producing clusters of sweet fruit; needs regular water and nutrients.,"3,500",MMK/kg
MON,22.0,Banana,fruit,6.0,25.0,13.0,Medium,Full Sun,No,Yes,Yes,0.75,2.0,16.0,20,14.0,7.0,10.0,38.0,"Fresh fruit, desserts, baking, medicinal (potassium, digestion)",Large herbaceous plant producing clusters of sweet fruit; needs regular water and nutrients.,"3,500",MMK/kg
SHN_S,23.0,Cauliflower,vegetable,1.0,2.0,4.0,Medium,Partial Sun,Yes,Yes,Yes,0.33,0.5,3.0,3,2.0,1.0,5.0,30.0,"Cooking (steamed, stir-fry), salads, nutritional",Cool-season crucifer producing an edible head; sensitive to heat.,"3,062",MMK/kg
MDY,23.0,Cauliflower,vegetable,1.0,2.0,5.0,Medium,Partial Sun,Yes,Yes,Yes,0.33,0.5,3.0,3,2.0,1.0,5.0,30.0,"Cooking (steamed, stir-fry), salads, nutritional",Cool-season crucifer producing an edible head; sensitive to heat.,"3,062",MMK/kg
SAG,23.0,Cauliflower,vegetable,1.0,2.0,6.0,Medium,Partial Sun,Yes,Yes,Yes,0.33,0.5,3.0,3,2.0,1.0,5.0,30.0,"Cooking (steamed, stir-fry), salads, nutritional",Cool-season crucifer producing an edible head; sensitive to heat.,"3,062",MMK/kg
SHN_S,24.0,Strawberry,fruit,0.1,0.6,1.0,Medium,Full Sun,Yes,Yes,Yes,0.25,0.5,1.0,3,1.0,2.0,-5.0,30.0,"Fresh fruit, desserts, jams, culinary garnish",Low-growing perennial in cool climates; produces sweet strawberries in spring-summer.,"15,310",MMK/kg
SHN_S,25.0,Carrot,vegetable,0.5,1.0,2.0,Low,Full Sun,Yes,Yes,Yes,0.25,0.5,1.0,3,1.0,1.0,4.0,30.0,"Fresh, cooking, juice, medicinal (vision, antioxidants)","Root vegetable forming a taproot; prefers deep, stone-free soil for straight roots.","3,674",MMK/kg
CHN,25.0,Carrot,vegetable,0.5,1.0,2.0,Low,Full Sun,Yes,Yes,Yes,0.25,0.5,1.0,3,1.0,1.0,4.0,30.0,"Fresh, cooking, juice, medicinal (vision, antioxidants)","Root vegetable forming a taproot; prefers deep, stone-free soil for straight roots.","3,674",MMK/kg
SHN_S,28.0,Orange,fruit,12.0,30.0,4.0,Medium,Full Sun,No,Yes,Yes,3.0,6.0,25.0,35,25.0,40.0,-3.0,40.0,"Fresh fruit, juice, marmalade, medicinal (vitamin C)",Citrus tree producing sweet-sour fruit; needs frost-free winters and regular feeding.,"5,512",MMK/kg
MDY,28.0,Orange,fruit,12.0,30.0,5.0,Medium,Full Sun,No,Yes,Yes,3.0,6.0,25.0,35,25.0,40.0,-3.0,40.0,"Fresh fruit, juice, marmalade, medicinal (vitamin C)",Citrus tree producing sweet-sour fruit; needs frost-free winters and regular feeding.,"5,512",MMK/kg
SHN_S,29.0,Apple,fruit,10.0,30.0,6.0,High,Full Sun,No,Yes,Yes,3.0,8.0,25.0,40,30.0,50.0,-10.0,35.0,"Fresh fruit, desserts, baking, juice, jams",Deciduous tree producing apples; requires chill hours and well-managed pruning.,"14,000",MMK/kg
TNY,30.0,Pineapple,fruit,1.0,4.0,7.0,Low,Full Sun,Yes,Yes,Yes,1.0,2.0,4.0,1,0.6,7.0,10.0,35.0,"Fresh fruit, juice, desserts, culinary, medicinal (digestion)","Tropical plant with spiky leaves and a sweet, juicy fruit with rough skin.","3,500",MMK/kg
MON,30.0,Pineapple,fruit,1.0,4.0,8.0,Low,Full Sun,Yes,Yes,Yes,1.0,2.0,4.0,1,0.6,7.0,10.0,35.0,"Fresh fruit, juice, desserts, culinary, medicinal (digestion)","Tropical plant with spiky leaves and a sweet, juicy fruit with rough skin.","3,500",MMK/kg
YGN,30.0,Pineapple,fruit,1.0,4.0,8.0,Low,Full Sun,Yes,Yes,Yes,1.0,2.0,4.0,1,0.6,7.0,10.0,35.0,"Fresh fruit, juice, desserts, culinary, medicinal (digestion)","Tropical plant with spiky leaves and a sweet, juicy fruit with rough skin.","3,500",MMK/kg
AYY,31.0,Watermelon,fruit,0.6,2.0,20.0,Medium,Full Sun,No,Yes,Yes,0.3,0.5,12.0,2,0.9,0.5,12.0,40.0,"Fresh fruit, juice, salads, cooling effect","Large vine-grown fruit with green rind and red, juicy flesh with black seeds.","2,000",MMK/kg
BGO,31.0,Watermelon,fruit,0.6,2.0,20.0,Medium,Full Sun,No,Yes,Yes,0.3,0.5,12.0,2,0.9,0.5,12.0,40.0,"Fresh fruit, juice, salads, cooling effect","Large vine-grown fruit with green rind and red, juicy flesh with black seeds.","2,000",MMK/kg
MDY,31.0,Watermelon,fruit,0.6,2.0,20.0,Medium,Full Sun,No,Yes,Yes,0.3,0.5,12.0,2,0.9,0.5,12.0,40.0,"Fresh fruit, juice, salads, cooling effect","Large vine-grown fruit with green rind and red, juicy flesh with black seeds.","2,000",MMK/kg
YGN,32.0,Dragon fruit,fruit,3.0,10.0,4.0,Medium,Full Sun,Yes,Yes,Yes,0.5,1.0,9.0,1,0.7,20.0,15.0,38.0,"Fresh fruit, juice, desserts, medicinal (antioxidants, hydration)",Cactus with bright pink or yellow skin and white or red speckled flesh with tiny black seeds.,"4,899",MMK/kg
AYY,32.0,Dragon fruit,fruit,3.0,10.0,4.0,Medium,Full Sun,Yes,Yes,Yes,0.5,1.0,9.0,1,0.7,20.0,15.0,38.0,"Fresh fruit, juice, desserts, medicinal (antioxidants, hydration)",Cactus with bright pink or yellow skin and white or red speckled flesh with tiny black seeds.,"4,899",MMK/kg
BGO,32.0,Dragon fruit,fruit,3.0,10.0,4.0,Medium,Full Sun,Yes,Yes,Yes,0.5,1.0,9.0,1,0.7,20.0,15.0,38.0,"Fresh fruit, juice, desserts, medicinal (antioxidants, hydration)",Cactus with bright pink or yellow skin and white or red speckled flesh with tiny black seeds.,"4,899",MMK/kg
AYY,33.0,Rambutan,fruit,15.0,50.0,13.0,High,Full Sun,No,Yes,No,4.0,6.0,40.0,22,12.0,40.0,-2.0,40.0,"Fresh fruit, desserts, juice","Tropical tree fruit covered with soft spines, enclosing sweet, translucent flesh.","7,349",MMK/kg
MON,33.0,Rambutan,fruit,15.0,50.0,13.0,High,Full Sun,No,Yes,No,4.0,6.0,40.0,22,12.0,40.0,-2.0,40.0,"Fresh fruit, desserts, juice","Tropical tree fruit covered with soft spines, enclosing sweet, translucent flesh.","7,349",MMK/kg
MDY,34.0,Lychee,fruit,20.0,40.0,13.0,Medium,Full Sun,No,Yes,Yes,3.0,6.0,30.0,7,5.0,100.0,5.0,30.0,"Fresh fruit, desserts, juice","Small round fruit with rough red skin and translucent, juicy, aromatic flesh.","9,186",MMK/kg
SHN_S,34.0,Lychee,fruit,20.0,40.0,13.0,Medium,Full Sun,No,Yes,Yes,3.0,6.0,30.0,7,5.0,100.0,5.0,30.0,"Fresh fruit, desserts, juice","Small round fruit with rough red skin and translucent, juicy, aromatic flesh.","9,186",MMK/kg
AYY,34.0,Lychee,fruit,20.0,40.0,13.0,Medium,Full Sun,No,Yes,Yes,3.0,6.0,30.0,7,5.0,100.0,5.0,30.0,"Fresh fruit, desserts, juice","Small round fruit with rough red skin and translucent, juicy, aromatic flesh.","9,186",MMK/kg
SHN_S,35.0,Cherry,fruit,10.0,40.0,4.0,High,Partial Sun,No,Yes,Yes,3.0,6.0,25.0,3,2.0,25.0,-5.0,30.0,"Fresh fruit, desserts, baking, juice","Small, round, red fruit with a single seed, sweet to slightly tart in taste.","60,000",MMK/kg
SHN_S,36.0,Pear,fruit,12.0,30.0,4.0,Medium,Full Sun,No,Yes,Yes,3.0,5.0,20.0,3,1.5,40.0,-3.0,40.0,"Fresh fruit, desserts, baking, juice","Medium-sized tree fruit with smooth skin, crisp and juicy flesh, sweet or slightly tart.","12,000",MMK/kg
KYN,37.0,Black pepper,fruit,3.0,8.0,4.0,Medium,Partial Sun,Yes,Yes,Yes,1.0,2.0,4.0,1,0.6,15.0,5.0,30.0,"Culinary (seasoning, flavoring), Medicinal (digestion, immunity)","Vine plant producing small, spicy to mild fruits used as spice and flavoring.","24,496",MMK/kg
SHN_S,37.0,Black pepper,fruit,3.0,8.0,1.0,Medium,Partial Sun,Yes,Yes,Yes,1.0,2.0,4.0,1,0.6,15.0,5.0,30.0,"Culinary (seasoning, flavoring), Medicinal (digestion, immunity)","Vine plant producing small, spicy to mild fruits used as spice and flavoring.","24,496",MMK/kg
TNY,37.0,Black pepper,fruit,3.0,8.0,1.0,Medium,Partial Sun,Yes,Yes,Yes,1.0,2.0,4.0,1,0.6,15.0,5.0,30.0,"Culinary (seasoning, flavoring), Medicinal (digestion, immunity)","Vine plant producing small, spicy to mild fruits used as spice and flavoring.","24,496",MMK/kg
YGN,38.0,Bell Pepper,fruit,1.0,3.0,1.0,Medium,Partial Sun,Yes,Yes,Yes,0.5,1.0,2.0,2,1.0,1.0,10.0,35.0,"Culinary (salads, cooked dishes), Nutritional (vitamin C, nutrient-rich)",Bright-colored fruit used fresh or cooked; moderately easy to grow; adds flavor and nutrients.,"6,124",MMK/kg
MDY,38.0,Bell Pepper,fruit,1.0,3.0,1.0,Medium,Partial Sun,Yes,Yes,Yes,0.5,1.0,2.0,2,1.0,1.0,10.0,35.0,"Culinary (salads, cooked dishes), Nutritional (vitamin C, nutrient-rich)",Bright-colored fruit used fresh or cooked; moderately easy to grow; adds flavor and nutrients.,"6,124",MMK/kg
AYY,39.0,Culantro,vegetable,0.2,1.0,1.0,Low,Partial Sun,Yes,Yes,Yes,0.1,0.2,1.0,0.3,0.15,2.0,5.0,28.0,"Culinary (spice, seasoning), medicinal (antioxidant, digestive)","Herb with long serrated leaves, aromatic, stronger flavor than cilantro.","4,899",MMK/kg
TNY,39.0,Culantro,vegetable,0.2,1.0,1.0,Low,Partial Sun,Yes,Yes,Yes,0.1,0.2,1.0,0.3,0.15,2.0,5.0,28.0,"Culinary (spice, seasoning), medicinal (antioxidant, digestive)","Herb with long serrated leaves, aromatic, stronger flavor than cilantro.","4,899",MMK/kg
SHN_S,40.0,Celery,vegetable,1.0,2.0,1.0,Medium,Partial Sun,Yes,Yes,Yes,0.1,0.16,2.0,0.4,0.2,2.0,4.0,25.0,"Culinary (salads, cooking), medicinal (hydration, anti-inflammatory)","Tall, leafy green plant with crunchy stalks and fibrous leaves.","4,593",MMK/kg
MDY,40.0,Celery,vegetable,1.0,2.0,1.0,Medium,Partial Sun,Yes,Yes,Yes,0.1,0.16,2.0,0.4,0.2,2.0,4.0,25.0,"Culinary (salads, cooking), medicinal (hydration, anti-inflammatory)","Tall, leafy green plant with crunchy stalks and fibrous leaves.","4,593",MMK/kg
YGN,40.0,Celery,vegetable,1.0,2.0,1.0,Medium,Partial Sun,Yes,Yes,Yes,0.1,0.16,2.0,0.4,0.2,2.0,4.0,25.0,"Culinary (salads, cooking), medicinal (hydration, anti-inflammatory)","Tall, leafy green plant with crunchy stalks and fibrous leaves.","4,593",MMK/kg
AYY,41.0,Bottle gourd,vegetable,6.0,20.0,4.0,Low,Full Sun,No,Yes,Yes,0.3,0.6,6.0,1.5,0.8,1.0,10.0,35.0,"Culinary (soups, cooking), medicinal (digestive, cooling)","Climbing vine with large, elongated or round fruits with firm, edible flesh.","1,531",MMK/kg
BGO,41.0,Bottle gourd,vegetable,6.0,20.0,4.0,Low,Full Sun,No,Yes,Yes,0.3,0.6,6.0,1.5,0.8,1.0,10.0,35.0,"Culinary (soups, cooking), medicinal (digestive, cooling)","Climbing vine with large, elongated or round fruits with firm, edible flesh.","1,531",MMK/kg
YGN,41.0,Bottle gourd,vegetable,6.0,20.0,4.0,Low,Full Sun,No,Yes,Yes,0.3,0.6,6.0,1.5,0.8,1.0,10.0,35.0,"Culinary (soups, cooking), medicinal (digestive, cooling)","Climbing vine with large, elongated or round fruits with firm, edible flesh.","1,531",MMK/kg
MDY,42.0,Spinach,vegetable,0.3,1.0,1.0,Low,Partial Sun,Yes,Yes,Yes,0.1,0.2,1.0,0.2,0.1,1.0,4.0,25.0,"Culinary (salads, cooking), medicinal (iron-rich, antioxidants)","Fast-growing leafy green plant with tender, mild-tasting leaves.","2,143",MMK/kg
SAG,42.0,Spinach,vegetable,0.3,1.0,1.0,Low,Partial Sun,Yes,Yes,Yes,0.1,0.2,1.0,0.2,0.1,1.0,4.0,25.0,"Culinary (salads, cooking), medicinal (iron-rich, antioxidants)","Fast-growing leafy green plant with tender, mild-tasting leaves.","2,143",MMK/kg
SHN_S,42.0,Spinach,vegetable,0.3,1.0,1.0,Low,Partial Sun,Yes,Yes,Yes,0.1,0.2,1.0,0.2,0.1,1.0,4.0,25.0,"Culinary (salads, cooking), medicinal (iron-rich, antioxidants)","Fast-growing leafy green plant with tender, mild-tasting leaves.","2,143",MMK/kg
SHN_S,43.0,Tealeaf,vegetable,5.0,15.0,2.0,Medium,Partial Sun,No,Yes,Yes,2.0,4.0,12.0,3,2.0,40.0,8.0,28.0,"Culinary (tea, beverages), medicinal (antioxidant, heart health)","Shrub producing small green leaves used for tea, evergreen, grows in tropical and subtropical regions.","9,798",MMK/kg
SHN_S,44.0,Broccoli,vegetable,1.0,3.0,2.0,Medium,Full Sun,Yes,Yes,Yes,0.3,0.5,3.0,0.8,0.4,2.0,5.0,30.0,"Cooking (steamed, stir-fry), salads, medicinal (vitamins, fiber)","Plant with thick stems and green flower heads, nutrient-rich, edible before flowering.","5,205",MMK/kg
CHN,44.0,Broccoli,vegetable,1.0,3.0,2.0,Medium,Full Sun,Yes,Yes,Yes,0.3,0.5,3.0,0.8,0.4,2.0,5.0,30.0,"Cooking (steamed, stir-fry), salads, medicinal (vitamins, fiber)","Plant with thick stems and green flower heads, nutrient-rich, edible before flowering.","5,205",MMK/kg
BGO,45.0,Teak,tree,98.0,148.0,20.0,low,full sun,no,yes,no,20.0,35.0,70.0,50,65.0,200.0,12.0,42.0,"timber, furniture, boatbuilding",premium hardwood tree,"8,500",MMK/kg
SAG,45.0,Teak,tree,98.0,148.0,20.0,low,full sun,no,yes,no,20.0,35.0,70.0,50,65.0,200.0,12.0,42.0,"timber, furniture, boatbuilding",premium hardwood tree,"8,500",MMK/kg
SHN_S,45.0,Teak,tree,98.0,148.0,20.0,low,full sun,no,yes,no,20.0,35.0,70.0,50,65.0,200.0,12.0,42.0,"timber, furniture, boatbuilding",premium hardwood tree,"8,500",MMK/kg
BGO,46.0,Padauk,tree,30.0,120.0,20.0,low,full sun,no,yes,no,5.0,15.0,400.0,30,190.0,100.0,10.0,40.0,"Timber, furniture, carving, flooring, traditional medicine, shade",vibrant red hardwood tree,"9,500",MMK/kg
MAG,46.0,Padauk,tree,30.0,120.0,20.0,low,full sun,no,yes,no,5.0,15.0,400.0,30,190.0,100.0,10.0,40.0,"Timber, furniture, carving, flooring, traditional medicine, shade",vibrant red hardwood tree,"9,500",MMK/kg
MDY,46.0,Padauk,tree,30.0,120.0,20.0,low,full sun,no,yes,no,5.0,15.0,400.0,30,190.0,100.0,10.0,40.0,"Timber, furniture, carving, flooring, traditional medicine, shade",vibrant red hardwood tree,"9,500",MMK/kg
YGN,46.0,Padauk,tree,30.0,120.0,20.0,low,full sun,no,yes,no,5.0,15.0,400.0,30,190.0,100.0,10.0,40.0,"Timber, furniture, carving, flooring, traditional medicine, shade",vibrant red hardwood tree,"9,500",MMK/kg
AYY,47.0,Pomelo,fruit,15.0,50.0,13.0,medium,full sun,no,yes,no,3.0,7.0,30.0,30,40.0,65.0,3.0,40.0,"fruit, juice, zest",Large citrus fruit tree,"3,500",MMK/kg
AYY,47.0,Pomelo,fruit,15.0,50.0,13.0,medium,full sun,no,yes,no,3.0,7.0,30.0,30,40.0,65.0,3.0,40.0,"fruit, juice, zest",Large citrus fruit tree,"3,500",MMK/kg
BGO,47.0,Pomelo,fruit,15.0,50.0,13.0,medium,full sun,no,yes,no,3.0,7.0,30.0,30,40.0,65.0,3.0,40.0,"fruit, juice, zest",Large citrus fruit tree,"3,500",MMK/kg
MON,47.0,Pomelo,fruit,15.0,50.0,13.0,medium,full sun,no,yes,no,3.0,7.0,30.0,30,40.0,65.0,3.0,40.0,"fruit, juice, zest",Large citrus fruit tree,"3,500",MMK/kg
MAG,48.0,Tamarind,fruit,82.0,98.0,13.0,low,full sun,no,yes,no,13.0,14.0,50.0,25,117.0,60.0,25.0,40.0,"pulp, seasoning, confectionery",Tangy pod-bearing tree,"3,981",MMK/kg
MDY,48.0,Tamarind,fruit,82.0,98.0,13.0,low,full sun,no,yes,no,13.0,14.0,50.0,25,117.0,60.0,25.0,40.0,"pulp, seasoning, confectionery",Tangy pod-bearing tree,"3,981",MMK/kg
YGN,49.0,Star-flower,flower,15.0,30.0,2.0,medium,full sun,no,yes,yes,2.0,4.0,25.0,20,35.0,50.0,5.0,40.0,"ornamental, traditional medicine",Compact ornamental tree,"10,000",MMK/kg
AYY,49.0,Star-flower,flower,15.0,30.0,2.0,medium,full sun,no,yes,yes,2.0,4.0,25.0,20,35.0,50.0,5.0,40.0,"ornamental, traditional medicine",Compact ornamental tree,"10,000",MMK/kg
MON,49.0,Star-flower,flower,15.0,30.0,2.0,medium,full sun,no,yes,yes,2.0,4.0,25.0,20,35.0,50.0,5.0,40.0,"ornamental, traditional medicine",Compact ornamental tree,"10,000",MMK/kg
MAG,50.0,Neem,tree,40.0,80.0,13.0,low,full sun,no,yes,no,3.0,5.0,25.0,25,70.0,150.0,10.0,44.0,"insecticide, medicine, oil, soap",Natural medicinal tree,"5,000",MMK/kg
MDY,50.0,Neem,tree,40.0,80.0,13.0,low,full sun,no,yes,no,3.0,5.0,25.0,25,70.0,150.0,10.0,44.0,"insecticide, medicine, oil, soap",Natural medicinal tree,"5,000",MMK/kg
SAG,50.0,Neem,tree,40.0,80.0,13.0,low,full sun,no,yes,no,3.0,5.0,25.0,25,70.0,150.0,10.0,44.0,"insecticide, medicine, oil, soap",Natural medicinal tree,"5,000",MMK/kg
SHN_S,51.0,Avocado,fruit,15.0,60.0,20.0,medium,full sun,no,yes,yes,3.0,7.0,200.0,25,117.0,60.0,1.0,35.0,"Fruit production, shade, culinary oil",Creamy superfood fruit tree,"5,205",MMK/kg
SHN_S,52.0,Pine,tree,50.0,150.0,4.0,low,full sun,no,yes,no,4.0,10.0,500.0,30,300.0,550.0,-20.0,30.0,"Timber, paper, resin, landscaping, windbreaks",Tall evergreen conifer,"8,000",MMK/kg
KCH,52.0,Pine,tree,50.0,150.0,4.0,low,full sun,no,yes,no,4.0,10.0,500.0,30,300.0,550.0,-20.0,30.0,"Timber, paper, resin, landscaping, windbreaks",Tall evergreen conifer,"8,000",MMK/kg
CHN,52.0,Pine,tree,50.0,150.0,4.0,low,full sun,no,yes,no,4.0,10.0,500.0,30,300.0,550.0,-20.0,30.0,"Timber, paper, resin, landscaping, windbreaks",Tall evergreen conifer,"8,000",MMK/kg
MON,53.0,Durian,fruit,50.0,130.0,30.0,high,full sun,no,yes,no,5.0,7.0,400.0,25,170.0,100.0,15.0,35.0,"fruit, culinary ingredient",Strong-aroma tropical fruit tree,"21,434",MMK/kg
KAH,53.0,Durian,fruit,50.0,130.0,30.0,high,full sun,no,yes,no,5.0,7.0,400.0,25,170.0,100.0,15.0,35.0,"fruit, culinary ingredient",Strong-aroma tropical fruit tree,"21,434",MMK/kg
TNY,53.0,Durian,fruit,50.0,130.0,30.0,high,full sun,no,yes,no,5.0,7.0,400.0,25,170.0,100.0,15.0,35.0,"fruit, culinary ingredient",Strong-aroma tropical fruit tree,"21,434",MMK/kg
TNY,54.0,Burmese Iron Wood,tree,98.0,131.0,15.0,low,full sun,no,yes,no,5.0,12.0,60.0,40,60.0,200.0,5.0,45.0,"heavy timber, construction",Ultra-dense hardwood tree,"4,500",MMK/kg
MON,54.0,Burmese Iron Wood,tree,98.0,131.0,15.0,low,full sun,no,yes,no,5.0,12.0,60.0,40,60.0,200.0,5.0,45.0,"heavy timber, construction",Ultra-dense hardwood tree,"4,500",MMK/kg
RKE,54.0,Burmese Iron Wood,tree,98.0,131.0,15.0,low,full sun,no,yes,no,5.0,12.0,60.0,40,60.0,200.0,5.0,45.0,"heavy timber, construction",Ultra-dense hardwood tree,"4,500",MMK/kg
MDY,55.0,Lead tree,tree,10.0,50.0,15.0,low,full sun,no,yes,no,1.0,3.0,16.0,20,15.0,30.0,-2.0,40.0,"fodder, green manure, firewood",Fast-growing utility tree,"5,000",MMK/kg
MAG,55.0,Lead tree,tree,10.0,50.0,15.0,low,full sun,no,yes,no,1.0,3.0,16.0,20,15.0,30.0,-2.0,40.0,"fodder, green manure, firewood",Fast-growing utility tree,"5,000",MMK/kg
MON,56.0,Rubber,tree,50.0,138.0,20.0,medium,full sun,no,yes,no,5.0,7.0,64.0,45,30.0,65.0,4.0,35.0,"latex, tyres, rubber products",Commercial latex-producing tree,"4,287",MMK/kg
KYN,56.0,Rubber,tree,50.0,138.0,20.0,medium,full sun,no,yes,no,5.0,7.0,64.0,45,30.0,65.0,4.0,35.0,"latex, tyres, rubber products",Commercial latex-producing tree,"4,287",MMK/kg
TNY,56.0,Rubber,tree,50.0,138.0,20.0,medium,full sun,no,yes,no,5.0,7.0,64.0,45,30.0,65.0,4.0,35.0,"latex, tyres, rubber products",Commercial latex-producing tree,"4,287",MMK/kg
MDY,57.0,Eucalyptus,tree,30.0,200.0,20.0,low,full sun,no,yes,no,3.0,5.0,50.0,70,50.0,150.0,-4.0,43.0,"oil, timber, paper",Aromatic fast-growing tree,"10,000",MMK/kg
SAG,57.0,Eucalyptus,tree,30.0,200.0,20.0,low,full sun,no,yes,no,3.0,5.0,50.0,70,50.0,150.0,-4.0,43.0,"oil, timber, paper",Aromatic fast-growing tree,"10,000",MMK/kg
SHN_S,57.0,Eucalyptus,tree,30.0,200.0,20.0,low,full sun,no,yes,no,3.0,5.0,50.0,70,50.0,150.0,-4.0,43.0,"oil, timber, paper",Aromatic fast-growing tree,"10,000",MMK/kg
MAG,58.0,Thanakha,tree,10.0,30.0,4.0,low,full sun,no,yes,no,3.0,35.0,50.0,15,15.0,40.0,10.0,38.0,"cosmetic paste, skin care",Traditional skincare bark tree,"18,372",MMK/kg
YGN,58.0,Thanakha,tree,10.0,30.0,4.0,low,full sun,no,yes,no,3.0,35.0,50.0,15,15.0,40.0,10.0,38.0,"cosmetic paste, skin care",Traditional skincare bark tree,"18,372",MMK/kg
SAG,58.0,Thanakha,tree,10.0,30.0,4.0,low,full sun,no,yes,no,3.0,35.0,50.0,15,15.0,40.0,10.0,38.0,"cosmetic paste, skin care",Traditional skincare bark tree,"18,372",MMK/kg
MDY,58.0,Thanakha,tree,10.0,30.0,4.0,low,full sun,no,yes,no,3.0,35.0,50.0,15,15.0,40.0,10.0,38.0,"cosmetic paste, skin care",Traditional skincare bark tree,"18,372",MMK/kg
RKE,59.0,Sal tree,tree,50.0,100.0,20.0,low,full sun,no,yes,no,6.0,10.0,80.0,45,40.0,200.0,7.0,43.0,"timber, resin, tanning",Durable resin-rich timber tree,"4,000",MMK/kg
CHN,59.0,Sal tree,tree,50.0,100.0,20.0,low,full sun,no,yes,no,6.0,10.0,80.0,45,40.0,200.0,7.0,43.0,"timber, resin, tanning",Durable resin-rich timber tree,"4,000",MMK/kg
SHN_S,59.0,Sal tree,tree,50.0,100.0,20.0,low,full sun,no,yes,no,6.0,10.0,80.0,45,40.0,200.0,7.0,43.0,"timber, resin, tanning",Durable resin-rich timber tree,"4,000",MMK/kg
RKE,60.0,Tropical almond,tree,30.0,100.0,20.0,low,full sun,no,yes,no,3.0,5.0,80.0,35,25.0,60.0,4.0,40.0,"nuts, oil, timber",Coastal nut-producing tree,"5,000",MMK/kg
TNY,60.0,Tropical almond,tree,30.0,100.0,20.0,low,full sun,no,yes,no,3.0,5.0,80.0,35,25.0,60.0,4.0,40.0,"nuts, oil, timber",Coastal nut-producing tree,"5,000",MMK/kg
AYY,61.0,lemon,fruit,6.0,20.0,4.0,medium,Full Sun,yes,yes,yes,2.0,5.0,25.0,35,8.0,75.0,0.0,38.0,"fruit, juice, essential oil",Sour citrus fruit tree,"5,000",MMK/kg
BGO,61.0,lemon,fruit,6.0,20.0,4.0,medium,Full Sun,yes,yes,yes,2.0,5.0,25.0,35,8.0,75.0,0.0,38.0,"fruit, juice, essential oil",Sour citrus fruit tree,"5,000",MMK/kg
SHN_S,61.0,lemon,fruit,6.0,20.0,4.0,medium,Full Sun,yes,yes,yes,2.0,5.0,25.0,35,8.0,75.0,0.0,38.0,"fruit, juice, essential oil",Sour citrus fruit tree,"5,000",MMK/kg
YGN,61.0,lemon,fruit,6.0,20.0,4.0,medium,Full Sun,yes,yes,yes,2.0,5.0,25.0,35,8.0,75.0,0.0,38.0,"fruit, juice, essential oil",Sour citrus fruit tree,"5,000",MMK/kg
YGN,62.0,Money tree,fruit,3.0,60.0,3.0,low,partial sun,yes,yes,yes,2.0,4.0,80.0,10,4.0,50.0,7.0,38.0,"ornamental, edible seeds",Modern ornamental plant,"12,000",MMK/kg
MDY,62.0,Money tree,fruit,3.0,60.0,3.0,low,partial sun,yes,yes,yes,2.0,4.0,80.0,10,4.0,50.0,7.0,38.0,"ornamental, edible seeds",Modern ornamental plant,"12,000",MMK/kg
YGN,63.0,Sacred fig,fruit,30.0,100.0,13.0,low,full sun,no,yes,yes,5.0,8.0,100.0,45,35.0,800.0,4.0,43.0,"shade, religious, medicinal",Iconic heart-leaf sacred tree,"10,000",MMK/kg
BGO,63.0,Sacred fig,fruit,30.0,100.0,14.0,low,full sun,no,yes,yes,5.0,8.0,100.0,45,35.0,800.0,4.0,43.0,"shade, religious, medicinal",Iconic heart-leaf sacred tree,"10,000",MMK/kg
MDY,63.0,Sacred fig,fruit,30.0,100.0,15.0,low,full sun,no,yes,yes,5.0,8.0,100.0,45,35.0,800.0,4.0,43.0,"shade, religious, medicinal",Iconic heart-leaf sacred tree,"10,000",MMK/kg
MON,63.0,Sacred fig,fruit,30.0,100.0,16.0,low,full sun,no,yes,yes,5.0,8.0,100.0,45,35.0,800.0,4.0,43.0,"shade, religious, medicinal",Iconic heart-leaf sacred tree,"10,000",MMK/kg
AYY,64.0,Freshwater mangrove,fruit,10.0,50.0,20.0,low,Partial Sun,no,yes,no,3.0,6.0,80.0,45,35.0,90.0,10.0,38.0,"soil stabilization, water purification",Water-edge protective tree,"5,000",MMK/kg
MON,64.0,Freshwater mangrove,fruit,10.0,50.0,20.0,low,Partial Sun,no,yes,no,3.0,6.0,80.0,45,35.0,90.0,10.0,38.0,"soil stabilization, water purification",Water-edge protective tree,"5,000",MMK/kg
YGN,65.0,Orchid tree,flower,15.0,35.0,15.0,medium,full sun,no,yes,yes,0.5,2.0,40.0,20,28.0,35.0,-2.0,43.0,"ornamental, fodder, medicinal",Showy flowering tree,"30,000",MMK/kg
MDY,65.0,Orchid tree,flower,15.0,35.0,15.0,medium,full sun,no,yes,yes,0.5,2.0,40.0,20,28.0,35.0,-2.0,43.0,"ornamental, fodder, medicinal",Showy flowering tree,"30,000",MMK/kg
BGO,65.0,Orchid tree,flower,15.0,35.0,15.0,medium,full sun,no,yes,yes,0.5,2.0,40.0,20,28.0,35.0,-2.0,43.0,"ornamental, fodder, medicinal",Showy flowering tree,"30,000",MMK/kg
MDY,66.0,Golden shower tree,flower,30.0,50.0,15.0,low,full sun,no,yes,no,1.0,2.0,40.0,20,28.0,50.0,5.0,45.0,"ornamental, traditional medicine",Bright yellow-flower tree,"8,000",MMK/kg
SAG,66.0,Golden shower tree,flower,30.0,50.0,15.0,low,full sun,no,yes,no,1.0,2.0,40.0,20,28.0,50.0,5.0,45.0,"ornamental, traditional medicine",Bright yellow-flower tree,"8,000",MMK/kg
MAG,66.0,Golden shower tree,flower,30.0,50.0,15.0,low,full sun,no,yes,no,1.0,2.0,40.0,20,28.0,50.0,5.0,45.0,"ornamental, traditional medicine",Bright yellow-flower tree,"8,000",MMK/kg
MAG,67.0,Htanaung,tree,40.0,70.0,2.0,low,full sun,no,yes,no,3.0,6.0,60.0,35,40.0,80.0,10.0,42.0,"firewood, charcoal, furniture, dyeing",Strong local hardwood tree,"6,000",MMK/kg
MDY,67.0,Htanaung,tree,40.0,70.0,2.0,low,full sun,no,yes,no,3.0,6.0,60.0,35,40.0,80.0,10.0,42.0,"firewood, charcoal, furniture, dyeing",Strong local hardwood tree,"6,000",MMK/kg
MAG,68.0,Plum tree,fruit,10.0,20.0,4.0,medium,full sun,no,yes,yes,3.0,6.0,20.0,20,22.0,17.0,-25.0,38.0,"fruit, preserves",Juicy stone-fruit tree,"6,000",MMK/kg
SAG,68.0,Plum tree,fruit,10.0,20.0,4.0,medium,full sun,no,yes,yes,3.0,6.0,20.0,20,22.0,17.0,-25.0,38.0,"fruit, preserves",Juicy stone-fruit tree,"6,000",MMK/kg
MDY,68.0,Plum tree,fruit,10.0,20.0,4.0,medium,full sun,no,yes,yes,3.0,6.0,20.0,20,22.0,17.0,-25.0,38.0,"fruit, preserves",Juicy stone-fruit tree,"6,000",MMK/kg
MAG,69.0,Palm tree,tree,40.0,100.0,15.0,low,full sun,no,yes,no,7.0,12.0,50.0,40,50.0,100.0,10.0,48.0,"edible fruit, oil, thatch",Tall tropical multipurpose tree,"8,000",MMK/kg
SAG,69.0,Palm tree,tree,40.0,100.0,15.0,low,full sun,no,yes,no,7.0,12.0,50.0,40,50.0,100.0,10.0,48.0,"edible fruit, oil, thatch",Tall tropical multipurpose tree,"8,000",MMK/kg
MDY,69.0,Palm tree,tree,40.0,100.0,15.0,low,full sun,no,yes,no,7.0,12.0,50.0,40,50.0,100.0,10.0,48.0,"edible fruit, oil, thatch",Tall tropical multipurpose tree,"8,000",MMK/kg
YGN,71.0,cat-tail,vegetable,5.0,10.0,2.0,low,full sun,no,yes,no,0.5,1.0,5.0,20,60.0,1.0,-10.0,35.0,"Phytoremediation, weaving","Obligate wetland plant, heavy metal hyperaccumulator.
","5,000",MMK/kg
AYY,71.0,cat-tail,vegetable,5.0,10.0,2.0,low,full sun,no,yes,no,0.5,1.0,5.0,20,3.0,1.0,-10.0,35.0,"Phytoremediation, weaving","Obligate wetland plant, heavy metal hyperaccumulator.
","5,000",MMK/kg
SAG,72.0,night-fragrant-flower,flower,6.0,13.0,2.0,medium,Partial Sun,no,yes,yes,1.0,3.0,10.0,5,3.0,1.0,10.0,35.0,"Ornamental, Medicinal","Intensely fragrant at night, contains toxic alkaloids.

","6,000",MMK/kg
MDY,72.0,night-fragrant-flower,flower,7.0,14.0,2.0,medium,Partial Sun,no,yes,yes,2.0,4.0,11.0,5,3.0,18.0,10.0,35.0,"Ornamental, Medicinal","Intensely fragrant at night, contains toxic alkaloids.

","6,000",MMK/kg
BGO,73.0,paper-flower,flower,3.0,40.0,2.0,low,full sun,no,yes,yes,2.0,5.0,15.0,15,11.0,25.0,5.0,40.0,"Ornamental, Pollution mitigation","Drought tolerant, vibrant bracts, absorbs urban dust.","15,000",MMK/kg
YGN,73.0,paper-flower,flower,3.0,40.0,2.0,low,full sun,no,yes,yes,2.0,5.0,15.0,15,11.0,25.0,5.0,40.0,"Ornamental, Pollution mitigation","Drought tolerant, vibrant bracts, absorbs urban dust.","15,000",MMK/kg
TNY,74.0,Mesua ferrea(gan go),flower,1.0,100.0,20.0,low,Partial Sun,no,yes,no,10.0,20.0,60.0,100,35.0,150.0,15.0,35.0,"Timber, Religious, Medicinal","Ironwood, extremely hard timber, religious significance 
","10,000",MMK/kg
MON,74.0,Mesua ferrea(gan go),flower,1.0,100.0,20.0,low,Partial Sun,no,yes,no,10.0,20.0,60.0,100,35.0,150.0,15.0,35.0,"Timber, Religious, Medicinal","Ironwood, extremely hard timber, religious significance 
","10,000",MMK/kg
AYY,75.0,Syzygium spp(dabye),flower,40.0,100.0,20.0,low,full sun,no,yes,no,5.0,12.0,50.0,40,35.0,65.0,10.0,35.0,"Ceremonial, Timber","Leaves used in victory ceremonies, water tolerant.","4,000",MMK/kg
YGN,76.0,Four-o'clock-flower,flower,2.0,3.0,2.0,low,full sun,no,yes,yes,0.5,1.0,3.0,2,2.0,1.0,5.0,35.0,"Ornamental, Genetic studies","Flowers open in late afternoon, tuberous roots.","4,000",MMK/kg
MDY,76.0,Four-o'clock-flower,flower,2.0,3.0,2.0,low,full sun,no,yes,yes,0.5,1.0,3.0,2,2.0,1.0,5.0,35.0,"Ornamental, Genetic studies","Flowers open in late afternoon, tuberous roots.","4,000",MMK/kg
MON,77.0,Heaven-lotus(nei ban ca),flower,10.0,30.0,2.0,medium,Partial Sun,no,yes,no,4.0,8.0,30.0,15,10.0,40.0,5.0,35.0,Ornamental,"Gustavia superba, distinct flowers, evergreen.","10,000",MMK/kg
KYN,77.0,Heaven-lotus(nei ban ca),flower,10.0,30.0,2.0,medium,Partial Sun,no,yes,no,4.0,8.0,30.0,15,10.0,40.0,5.0,35.0,Ornamental,"Gustavia superba, distinct flowers, evergreen.","10,000",MMK/kg
RKE,78.0,Elephant-ear-taro(hsin naywe pein),vegetable,3.0,6.0,4.0,medium,partial sun,no,yes,no,0.5,1.0,5.0,v,7.0,1.0,10.0,35.0,"Food wrapping, Fodder","Large leaves, thrives in wet/marshy areas.","20,000",MMK/kg
MDY,79.0,Kiss me(quick),flower,1.0,3.0,2.0,low,full sun,yes,yes,yes,0.2,0.5,2.0,1,1.0,1.0,5.0,32.0,"Ornamental, Ground cover","Portulaca/Succulent, extremely drought tolerant.","5,000",MMK/kg
YGN,79.0,Kiss me(quick),flower,1.0,3.0,2.0,low,full sun,yes,yes,yes,0.2,0.5,2.0,1,1.0,1.0,5.0,32.0,"Ornamental, Ground cover","Portulaca/Succulent, extremely drought tolerant.","5,000",MMK/kg
BGO,80.0,Cinderella-flower,flower,1.0,3.0,2.0,low,full sun,no,yes,yes,0.5,1.0,2.0,2,2.0,1.0,10.0,35.0,Ornamental,"Small, vibrant weed/flower often found in plains.","6,000",MMK/kg
YGN,80.0,Cinderella-flower,flower,1.0,3.0,2.0,low,full sun,no,yes,yes,0.5,1.0,2.0,2,2.0,1.0,10.0,35.0,Ornamental,"Small, vibrant weed/flower often found in plains.","6,000",MMK/kg
MDY,81.0,Gold-chain(shwe chein),flower,15.0,30.0,2.0,medium,full sun,no,yes,no,3.0,7.0,25.0,20,14.0,40.0,15.0,38.0,Ornamental,"Pendulous yellow flowers, distinct from Golden Shower.","5,000",MMK/kg
AYY,82.0,Water- bamboo(ye wa),vegetable,2.0,4.0,4.0,low,Partial Sun,yes,yes,yes,0.5,1.0,3.0,20,14.0,1.0,5.0,32.0,"Fodder, Soil retention","Thrives in riverbanks, distinct segmented stems.","5,000",MMK/kg
YGN,83.0,Singapore- almond(sin ga pu ban da),tree,20.0,50.0,13.0,low,full sun,no,yes,no,3.0,6.0,40.0,20,14.0,50.0,15.0,35.0,"Shade, Ornamental","Melastoma or Terminalia variant, common street tree.","8,000",MMK/kg
TNY,84.0,Black pepper(Nga-yok-kaung),fruit,10.0,20.0,2.0,high,Partial Sun,no,yes,yes,3.0,4.0,10.0,10,7.0,20.0,18.0,32.0,"Spice, Medicinal",Fruits used as spicy flavouring; piperine has anticancer properties.,"24,496",MMK/kg
BGO,85.0,Taro(Pein-U),fruit,2.0,5.0,4.0,medium,partial sun,no,yes,no,0.5,1.0,4.0,15,8.0,1.0,10.0,35.0,"Food (Corms), Baby food",Starch easily digestible; corms must be cooked to remove oxalate.,"1,837",MMK/kg
KCH,85.0,Taro(Pein-U),fruit,2.0,5.0,4.0,medium,partial sun,no,yes,no,0.5,1.0,4.0,15,8.0,1.0,10.0,35.0,"Food (Corms), Baby food",Starch easily digestible; corms must be cooked to remove oxalate.,"1,837",MMK/kg
SAG,85.0,Taro(Pein-U),fruit,2.0,5.0,4.0,medium,partial sun,no,yes,no,0.5,1.0,4.0,15,8.0,1.0,10.0,35.0,"Food (Corms), Baby food",Starch easily digestible; corms must be cooked to remove oxalate.,"1,837",MMK/kg
MDY,86.0,Aloe vera(sharr-saung-let-pet),fruit,1.0,3.0,2.0,low,full sun,yes,yes,yes,1.0,2.0,3.0,5,3.0,1.0,5.0,35.0,"Salads, Gel, Medicine",Regulates immune system; gel reduces alanine aminotransferase.,"3,062",MMK/kg
YGN,86.0,Aloe vera(sharr-saung-let-pet),fruit,1.0,3.0,2.0,low,full sun,yes,yes,yes,1.0,2.0,3.0,5,3.0,1.0,5.0,35.0,"Salads, Gel, Medicine",Regulates immune system; gel reduces alanine aminotransferase.,"3,062",MMK/kg
MON,87.0,Lemon grass(Sa-ba-lin),vegetable,2.0,5.0,2.0,low,full sun,no,yes,yes,0.3,0.6,3.0,15,10.0,1.0,10.0,35.0,"Flavoring, Oil",Citronella oil has a broad spectrum of antibacterial and antioxidant activities,"6,124",MMK/kg
SHN_S,88.0,Cassod tree(Mel-za-li),vegetable,32.0,50.0,2.0,low,full sun,no,yes,no,3.0,5.0,30.0,30,21.0,40.0,12.0,36.0,"Salad (Buds), Fuel",Fresh buds blanched for salads; antimicrobial properties.,"9,186",MMK/kg
KCH,89.0,Docynia(Pin-sein),vegetable,6.5,10.0,2.0,medium,full sun,no,yes,no,4.0,8.0,35.0,30,18.0,50.0,5.0,30.0,Sour flavoring,Fruits used as sour flavouring; antioxidant activity.,"6,124",MMK/kg
CHN,89.0,Docynia(Pin-sein),vegetable,6.5,10.0,2.0,medium,full sun,no,yes,no,4.0,8.0,35.0,30,18.0,50.0,5.0,30.0,Sour flavoring,Fruits used as sour flavouring; antioxidant activity.,"6,124",MMK/kg
SHN_S,89.0,Docynia(Pin-sein),vegetable,6.5,10.0,2.0,medium,full sun,no,yes,no,4.0,8.0,35.0,30,18.0,50.0,5.0,30.0,Sour flavoring,Fruits used as sour flavouring; antioxidant activity.,"6,124",MMK/kg
BGO,90.0,Jackfruit,fruit,30.0,70.0,20.0,low,full sun,no,yes,no,3.0,6.0,60.0,50,35.0,80.0,10.0,38.0,"Fruit, Timber",Largest tree-borne fruit; antibacterial activities.,"4,000",MMK/kg
YGN,90.0,Jackfruit,fruit,30.0,70.0,20.0,low,full sun,no,yes,no,3.0,6.0,60.0,50,35.0,80.0,10.0,38.0,"Fruit, Timber",Largest tree-borne fruit; antibacterial activities.,"4,000",MMK/kg
MON,90.0,Jackfruit,fruit,30.0,70.0,20.0,low,full sun,no,yes,no,3.0,6.0,60.0,50,35.0,80.0,10.0,38.0,"Fruit, Timber",Largest tree-borne fruit; antibacterial activities.,"4,000",MMK/kg
SAG,91.0,Indian gooseberry(zee-phyu),fruit,10.0,75.0,13.0,low,full sun,no,yes,no,3.0,5.0,25.0,20,14.0,35.0,5.0,40.0,"Sour flavoring, Vitamin C",High Vitamin C (610mg/100g); used in salads.,"2,756",MMK/kg
MDY,91.0,Indian gooseberry(zee-phyu),fruit,10.0,75.0,13.0,low,full sun,no,yes,no,3.0,5.0,25.0,20,14.0,35.0,5.0,40.0,"Sour flavoring, Vitamin C",High Vitamin C (610mg/100g); used in salads.,"2,756",MMK/kg
MAG,91.0,Indian gooseberry(zee-phyu),fruit,10.0,75.0,13.0,low,full sun,no,yes,no,3.0,5.0,25.0,20,14.0,35.0,5.0,40.0,"Sour flavoring, Vitamin C",High Vitamin C (610mg/100g); used in salads.,"2,756",MMK/kg
BGO,92.0,Mango tree,fruit,32.0,64.0,20.0,medium,full sun,no,yes,no,4.0,8.0,60.0,45,28.0,75.0,5.0,45.0,"Salads, Pickles, Fruit","Antioxidant, antiviral, antidiarrhoeal activities.","12,000",MMK/kg
MAG,92.0,Mango tree,fruit,32.0,64.0,20.0,medium,full sun,no,yes,no,4.0,8.0,60.0,45,28.0,75.0,5.0,45.0,"Salads, Pickles, Fruit","Antioxidant, antiviral, antidiarrhoeal activities.","12,000",MMK/kg
MDY,92.0,Mango tree,fruit,32.0,64.0,20.0,medium,full sun,no,yes,no,4.0,8.0,60.0,45,28.0,75.0,5.0,45.0,"Salads, Pickles, Fruit","Antioxidant, antiviral, antidiarrhoeal activities.","12,000",MMK/kg
YGN,92.0,Mango tree,fruit,32.0,64.0,20.0,medium,full sun,no,yes,no,4.0,8.0,60.0,45,28.0,75.0,5.0,45.0,"Salads, Pickles, Fruit","Antioxidant, antiviral, antidiarrhoeal activities.","12,000",MMK/kg
MDY,93.0,Peace Lily,flower,1.0,3.0,0.5,medium,Partial Sun,yes,yes,yes,0.5,1.0,2.0,0.18,0.22,5.0,18.0,30.0,"Air purification, décor","Popular indoor flowering plant with white blooms, thrives in low light and removes toxins from air.","15,000",MMK/kg
MAG,93.0,Peace Lily,flower,1.0,3.0,0.5,medium,Partial Sun,yes,yes,yes,0.5,1.0,2.0,0.18,0.22,5.0,18.0,30.0,"Air purification, décor","Popular indoor flowering plant with white blooms, thrives in low light and removes toxins from air.","15,000",MMK/kg
SAG,93.0,Peace Lily,flower,1.0,3.0,0.5,medium,Partial Sun,yes,yes,yes,0.5,1.0,2.0,0.18,0.22,5.0,18.0,30.0,"Air purification, décor","Popular indoor flowering plant with white blooms, thrives in low light and removes toxins from air.","15,000",MMK/kg
MDY,94.0,Jasmine,flower,2.0,4.0,1.0,low,full sun,yes,yes,yes,1.0,2.0,2.0,0.3,0.4,10.0,15.0,32.0,"Aromatherapy, décor","Fragrant indoor-flowering plant, can be grown in pots with support trellis; loves sunlight.","20,000",MMK/kg
YGN,94.0,Jasmine,flower,2.0,4.0,1.0,low,full sun,yes,yes,yes,1.0,2.0,2.0,0.3,0.4,10.0,15.0,32.0,"Aromatherapy, décor","Fragrant indoor-flowering plant, can be grown in pots with support trellis; loves sunlight.","20,000",MMK/kg
MAG,103.0,coleus,vegetable,1.0,2.5,0.2,medium,partial sun,yes,yes,yes,0.1,0.3,1.0,1,1.0,2.0,20.0,38.0,Colorful foliage,"vibrant multi-colored leaves, fast growing","5,000",MMK/kg
MDY,103.0,coleus,vegetable,1.0,2.5,0.2,medium,partial sun,yes,yes,yes,0.1,0.3,1.0,1,1.0,2.0,20.0,38.0,Colorful foliage,"vibrant multi-colored leaves, fast growing","5,000",MMK/kg
SHN_S,103.0,coleus,vegetable,1.0,2.5,0.2,medium,partial sun,yes,yes,yes,0.1,0.3,1.0,1,1.0,2.0,20.0,38.0,Colorful foliage,"vibrant multi-colored leaves, fast growing","5,000",MMK/kg
YGN,103.0,coleus,vegetable,1.0,2.5,0.2,medium,partial sun,yes,yes,yes,0.1,0.3,1.0,1,1.0,2.0,20.0,38.0,Colorful foliage,"vibrant multi-colored leaves, fast growing","5,000",MMK/kg
YGN,104.0,watercress,vegetable,0.3,1.0,0.6,low,Partial Sun,yes,yes,yes,0.05,0.1,0.5,1,0.9,0.5,10.0,32.0,"Cooking, soups",Loves humidity and shallow water trays; perfect for Yangon homes,"2,500",MMK/kg
