State_ID,plant_id,plant_name,plant_group,min_height(ft),max_height(ft),water_necessity (1Lcup/day),maintenance,sunlight,indoor,outdoor,potted,shortest_growth_period(year),longest_growth_period(year),min_area_square_feet,Co2_absorption(kg)_per_year,O2_release(kg)_per_year,lifetime(year),lowest_temp,highest_temp,Uses,description,,,,,
SHN_S,1,ပူစီနံ,ဟင်းသီးဟင်းရွက်ပင်,၀.၃,၁,၁,နည်း,အသင့်အတင့်,ရ,ရ,ရ,၀.၀၈,၀.၂၅,၁,၀.၈,၀.၆,၃,၅°C,၃၀°C,ဟင်းချက် (အရသာ၊ လက်ဖက်ရည်)၊ ဆေးဖက်ဝင် (အစာချေ၊ ခေါင်းကိုက်သက်သာ)၊ အလှဆင်,ဟင်းချက်ရာနှင့် လက်ဖက်ရည်ကြမ်းတို့တွင် အစိုဖြစ်စေ၊ အခြောက်ဖြစ်စေ အသုံးပြုနိုင်ပြီး ကြီးထွားနှုန်းမြန်သည့် မွှေးကြိုင်သော ဆေးဖက်ဝင်အပင်ဖြစ်သည်။,,,,,
MDY,1,ပူစီနံ,ဟင်းသီးဟင်းရွက်ပင်,၀.၃,၁,၁,နည်း,အသင့်အတင့်,ရ,ရ,ရ,၀.၀၈,၀.၂၅,၁,၀.၈,၀.၆,၃,၅°C,၃၀°C,ဟင်းချက် (အရသာ၊ လက်ဖက်ရည်)၊ ဆေးဖက်ဝင် (အစာချေ၊ ခေါင်းကိုက်သက်သာ)၊ အလှဆင်,ဟင်းချက်ရာနှင့် လက်ဖက်ရည်ကြမ်းတို့တွင် အစိုဖြစ်စေ၊ အခြောက်ဖြစ်စေ အသုံးပြုနိုင်ပြီး ကြီးထွားနှုန်းမြန်သည့် မွှေးကြိုင်သော ဆေးဖက်ဝင်အပင်ဖြစ်သည်။,,,,,
SAG,1,ပူစီနံ,ဟင်းသီးဟင်းရွက်ပင်,၀.၃,၁,၁,နည်း,အသင့်အတင့်,ရ,ရ,ရ,၀.၀၈,၀.၂၅,၁,၀.၈,၀.၆,၃,၅°C,၃၀°C,ဟင်းချက် (အရသာ၊ လက်ဖက်ရည်)၊ ဆေးဖက်ဝင် (အစာချေ၊ ခေါင်းကိုက်သက်သာ)၊ အလှဆင်,ဟင်းချက်ရာနှင့် လက်ဖက်ရည်ကြမ်းတို့တွင် အစိုဖြစ်စေ၊ အခြောက်ဖြစ်စေ အသုံးပြုနိုင်ပြီး ကြီးထွားနှုန်းမြန်သည့် မွှေးကြိုင်သော ဆေးဖက်ဝင်အပင်ဖြစ်သည်။,,,,,
SHN_S,2,ပင်စိမ်း,ဟင်းသီးဟင်းရွက်ပင်,၀.၈,၂,၁,နည်း,အပြည့်အဝ,ရ,ရ,ရ,၀.၅,၀.၂၅,၁,၁,၀.၇,၁,၁၀°C,၃၅°C,ဟင်းချက် (ပက်စတိုဆော့စ်၊ အသုပ်၊ ချက်ပြုတ်)၊ ဆေးဖက်ဝင် (ရောင်ရမ်းမှုကျ၊ အစာချေ),အထူးသဖြင့် မြေထဲပင်လယ်ဒေသနှင့် အရှေ့တောင်အာရှ ဟင်းလျာများတွင် ကျယ်ပြန့်စွာ အသုံးပြုကြသည့် မွှေးကြိုင်သော တစ်နှစ်ခံပင်ဖြစ်သည်။,,,,,
MDY,2,ပင်စိမ်း,ဟင်းသီးဟင်းရွက်ပင်,၀.၈,၂,၁,နည်း,အပြည့်အဝ,ရ,ရ,ရ,၀.၅,၀.၂၅,၁,၁,၀.၇,၁,၁၀°C,၃၅°C,ဟင်းချက် (ပက်စတိုဆော့စ်၊ အသုပ်၊ ချက်ပြုတ်)၊ ဆေးဖက်ဝင် (ရောင်ရမ်းမှုကျ၊ အစာချေ),အထူးသဖြင့် မြေထဲပင်လယ်ဒေသနှင့် အရှေ့တောင်အာရှ ဟင်းလျာများတွင် ကျယ်ပြန့်စွာ အသုံးပြုကြသည့် မွှေးကြိုင်သော တစ်နှစ်ခံပင်ဖြစ်သည်။,,,,,
YGN,2,ပင်စိမ်း,ဟင်းသီးဟင်းရွက်ပင်,၀.၈,၂,၁,နည်း,အပြည့်အဝ,ရ,ရ,ရ,၀.၅,၀.၂၅,၁,၁,၀.၇,၁,၁၀°C,၃၅°C,ဟင်းချက် (ပက်စတိုဆော့စ်၊ အသုပ်၊ ချက်ပြုတ်)၊ ဆေးဖက်ဝင် (ရောင်ရမ်းမှုကျ၊ အစာချေ),အထူးသဖြင့် မြေထဲပင်လယ်ဒေသနှင့် အရှေ့တောင်အာရှ ဟင်းလျာများတွင် ကျယ်ပြန့်စွာ အသုံးပြုကြသည့် မွှေးကြိုင်သော တစ်နှစ်ခံပင်ဖြစ်သည်။,,,,,
MDY,3,နံနံပင်,ဟင်းသီးဟင်းရွက်ပင်,၀.၅,၁.၅,၁,နည်း,အသင့်အတင့်,ရ,ရ,ရ,၀.၀၈,၀.၂၅,၁,၀.၉,၀.၆,၁,၈°C,၃၀°C,ဟင်းချက် (အရွက်နှင့်အစေ့၊ အလှဆင်)၊ ဆေးဖက်ဝင် (အစာကြေ၊ ဆီးချိုဆန့်ကျင်),ကြီးထွားမြန်သော အပင်ဖြစ်ပြီး အရွက်ကို လတ်လတ်ဆတ်ဆတ် အသုံးပြုနိုင်သလို အစေ့ကိုလည်း ဟင်းခတ်အမွှေးအကြိုင်အဖြစ် အသုံးပြုနိုင်သည်။,,,,,
SAG,3,နံနံပင်,ဟင်းသီးဟင်းရွက်ပင်,၀.၅,၁.၅,၁,နည်း,အသင့်အတင့်,ရ,ရ,ရ,၀.၀၈,၀.၂၅,၁,၀.၉,၀.၆,၁,၈°C,၃၀°C,ဟင်းချက် (အရွက်နှင့်အစေ့၊ အလှဆင်)၊ ဆေးဖက်ဝင် (အစာကြေ၊ ဆီးချိုဆန့်ကျင်),ကြီးထွားမြန်သော အပင်ဖြစ်ပြီး အရွက်ကို လတ်လတ်ဆတ်ဆတ် အသုံးပြုနိုင်သလို အစေ့ကိုလည်း ဟင်းခတ်အမွှေးအကြိုင်အဖြစ် အသုံးပြုနိုင်သည်။,,,,,
BGO,3,နံနံပင်,ဟင်းသီးဟင်းရွက်ပင်,၀.၅,၁.၅,၁,နည်း,အသင့်အတင့်,ရ,ရ,ရ,၀.၀၈,၀.၂၅,၁,၀.၉,၀.၆,၁,၈°C,၃၀°C,ဟင်းချက် (အရွက်နှင့်အစေ့၊ အလှဆင်)၊ ဆေးဖက်ဝင် (အစာကြေ၊ ဆီးချိုဆန့်ကျင်),ကြီးထွားမြန်သော အပင်ဖြစ်ပြီး အရွက်ကို လတ်လတ်ဆတ်ဆတ် အသုံးပြုနိုင်သလို အစေ့ကိုလည်း ဟင်းခတ်အမွှေးအကြိုင်အဖြစ် အသုံးပြုနိုင်သည်။,,,,,
YGN,3,နံနံပင်,ဟင်းသီးဟင်းရွက်ပင်,၀.၅,၁.၅,၁,နည်း,အသင့်အတင့်,ရ,ရ,ရ,၀.၀၈,၀.၂၅,၁,၀.၉,၀.၆,၁,၈°C,၃၀°C,ဟင်းချက် (အရွက်နှင့်အစေ့၊ အလှဆင်)၊ ဆေးဖက်ဝင် (အစာကြေ၊ ဆီးချိုဆန့်ကျင်),ကြီးထွားမြန်သော အပင်ဖြစ်ပြီး အရွက်ကို လတ်လတ်ဆတ်ဆတ် အသုံးပြုနိုင်သလို အစေ့ကိုလည်း ဟင်းခတ်အမွှေးအကြိုင်အဖြစ် အသုံးပြုနိုင်သည်။,,,,,
SHN_S,4,ခရမ်းချဉ်သီး,ဟင်းသီးဟင်းရွက်ပင်,၂,၆,၄,အသင့်အတင့်,အပြည့်အဝ,မရ,ရ,ရ,၀.၂၅,၀.၅,၄,၃,၂,၁,၁၀°C,၃၅°C,ဟင်းချက် (အသုပ်၊ ဆော့စ်၊ ချက်ပြုတ်)၊ ဖျော်ရည်၊ ဆေးဖက်ဝင် (ဓာတ်တိုးဆန့်ကျင်),မျိုးကွဲပေါင်းများစွာရှိပြီး လူကြိုက်များသော အသီးအနှံဖြစ်ကာ ပူနွေးသောရာသီဥတုနှင့် ပုံမှန်ရေရရှိမှုကို ကြိုက်နှစ်သက်သည်။,,,,,
YGN,4,ခရမ်းချဉ်သီး,ဟင်းသီးဟင်းရွက်ပင်,၂,၆,၄,အသင့်အတင့်,အပြည့်အဝ,မရ,ရ,ရ,၀.၂၅,၀.၅,၄,၃,၂,၁,၁၀°C,၃၅°C,ဟင်းချက် (အသုပ်၊ ဆော့စ်၊ ချက်ပြုတ်)၊ ဖျော်ရည်၊ ဆေးဖက်ဝင် (ဓာတ်တိုးဆန့်ကျင်),မျိုးကွဲပေါင်းများစွာရှိပြီး လူကြိုက်များသော အသီးအနှံဖြစ်ကာ ပူနွေးသောရာသီဥတုနှင့် ပုံမှန်ရေရရှိမှုကို ကြိုက်နှစ်သက်သည်။,,,,,
MDY,4,ခရမ်းချဉ်သီး,ဟင်းသီးဟင်းရွက်ပင်,၂,၆,၄,အသင့်အတင့်,အပြည့်အဝ,မရ,ရ,ရ,၀.၂၅,၀.၅,၄,၃,၂,၁,၁၀°C,၃၅°C,ဟင်းချက် (အသုပ်၊ ဆော့စ်၊ ချက်ပြုတ်)၊ ဖျော်ရည်၊ ဆေးဖက်ဝင် (ဓာတ်တိုးဆန့်ကျင်),မျိုးကွဲပေါင်းများစွာရှိပြီး လူကြိုက်များသော အသီးအနှံဖြစ်ကာ ပူနွေးသောရာသီဥတုနှင့် ပုံမှန်ရေရရှိမှုကို ကြိုက်နှစ်သက်သည်။,,,,,
BGO,4,ခရမ်းချဉ်သီး,ဟင်းသီးဟင်းရွက်ပင်,၂,၆,၄,အသင့်အတင့်,အပြည့်အဝ,မရ,ရ,ရ,၀.၂၅,၀.၅,၄,၃,၂,၁,၁၀°C,၃၅°C,ဟင်းချက် (အသုပ်၊ ဆော့စ်၊ ချက်ပြုတ်)၊ ဖျော်ရည်၊ ဆေးဖက်ဝင် (ဓာတ်တိုးဆန့်ကျင်),မျိုးကွဲပေါင်းများစွာရှိပြီး လူကြိုက်များသော အသီးအနှံဖြစ်ကာ ပူနွေးသောရာသီဥတုနှင့် ပုံမှန်ရေရရှိမှုကို ကြိုက်နှစ်သက်သည်။,,,,,
SHN_S,5,ငရုတ်သီး,ဟင်းသီးဟင်းရွက်ပင်,၁,၃,၂,အသင့်အတင့်,အပြည့်အဝ,မရ,ရ,ရ,၀.၂၅,၀.၅,၂,၂,၁.၂,၂,၁၂°C,၃၈°C,ဟင်းချက် (အမွှေးအကြိုင်၊ ဆော့စ်)၊ ဆေးဖက်ဝင် (ဇီဝဖြစ်စဉ်မြှင့်တင်၊ အကိုက်အခဲသက်သာ),အစို သို့မဟုတ် အခြောက် အသုံးပြုနိုင်သော စပ်သည့်အသီးဖြစ်ပြီး ပူနွေးကာ နေရောင်ကောင်းစွာရသော နေရာများကို နှစ်သက်သည်။,,,,,
YGN,5,ငရုတ်သီး,ဟင်းသီးဟင်းရွက်ပင်,၁,၃,၂,အသင့်အတင့်,အပြည့်အဝ,မရ,ရ,ရ,၀.၂၅,၀.၅,၂,၂,၁.၂,၂,၁၂°C,၃၈°C,ဟင်းချက် (အမွှေးအကြိုင်၊ ဆော့စ်)၊ ဆေးဖက်ဝင် (ဇီဝဖြစ်စဉ်မြှင့်တင်၊ အကိုက်အခဲသက်သာ),အစို သို့မဟုတ် အခြောက် အသုံးပြုနိုင်သော စပ်သည့်အသီးဖြစ်ပြီး ပူနွေးကာ နေရောင်ကောင်းစွာရသော နေရာများကို နှစ်သက်သည်။,,,,,
MDY,5,ငရုတ်သီး,ဟင်းသီးဟင်းရွက်ပင်,၁,၃,၂,အသင့်အတင့်,အပြည့်အဝ,မရ,ရ,ရ,၀.၂၅,၀.၅,၂,၂,၁.၂,၂,၁၂°C,၃၈°C,ဟင်းချက် (အမွှေးအကြိုင်၊ ဆော့စ်)၊ ဆေးဖက်ဝင် (ဇီဝဖြစ်စဉ်မြှင့်တင်၊ အကိုက်အခဲသက်သာ),အစို သို့မဟုတ် အခြောက် အသုံးပြုနိုင်သော စပ်သည့်အသီးဖြစ်ပြီး ပူနွေးကာ နေရောင်ကောင်းစွာရသော နေရာများကို နှစ်သက်သည်။,,,,,
BGO,5,ငရုတ်သီး,ဟင်းသီးဟင်းရွက်ပင်,၁,၃,၂,အသင့်အတင့်,အပြည့်အဝ,မရ,ရ,ရ,၀.၂၅,၀.၅,၂,၂,၁.၂,၂,၁၂°C,၃၈°C,ဟင်းချက် (အမွှေးအကြိုင်၊ ဆော့စ်)၊ ဆေးဖက်ဝင် (ဇီဝဖြစ်စဉ်မြှင့်တင်၊ အကိုက်အခဲသက်သာ),အစို သို့မဟုတ် အခြောက် အသုံးပြုနိုင်သော စပ်သည့်အသီးဖြစ်ပြီး ပူနွေးကာ နေရောင်ကောင်းစွာရသော နေရာများကို နှစ်သက်သည်။,,,,,
AYY,6,ခရမ်းသီး,ဟင်းသီးဟင်းရွက်ပင်,၂,၄,၄,အသင့်အတင့်,အပြည့်အဝ,မရ,ရ,ရ,၀.၂၅,၀.၄,၄,၃,၁.၈,၁,၁၀°C,၃၅°C,ဟင်းချက် (ဆီသတ်၊ ဟင်း၊ ကင်)၊ ဆေးဖက်ဝင် (အမျှင်ဓာတ်၊ ဓာတ်တိုးဆန့်ကျင်),အမြစ်တိုသော နွေရာသီသီးနှံဖြစ်ပြီး တိုင်ထောင်ပေးခြင်းနှင့် ပုံမှန်မြေသြဇာကျွေးခြင်းဖြင့် အပင်ဖြစ်ထွန်းမှု ပိုကောင်းစေသည်။,,,,,
BGO,6,ခရမ်းသီး,ဟင်းသီးဟင်းရွက်ပင်,၂,၄,၄,အသင့်အတင့်,အပြည့်အဝ,မရ,ရ,ရ,၀.၂၅,၀.၄,၄,၃,၁.၈,၁,၁၀°C,၃၅°C,ဟင်းချက် (ဆီသတ်၊ ဟင်း၊ ကင်)၊ ဆေးဖက်ဝင် (အမျှင်ဓာတ်၊ ဓာတ်တိုးဆန့်ကျင်),အမြစ်တိုသော နွေရာသီသီးနှံဖြစ်ပြီး တိုင်ထောင်ပေးခြင်းနှင့် ပုံမှန်မြေသြဇာကျွေးခြင်းဖြင့် အပင်ဖြစ်ထွန်းမှု ပိုကောင်းစေသည်။,,,,,
YGN,6,ခရမ်းသီး,ဟင်းသီးဟင်းရွက်ပင်,၂,၄,၄,အသင့်အတင့်,အပြည့်အဝ,မရ,ရ,ရ,၀.၂၅,၀.၄,၄,၃,၁.၈,၁,၁၀°C,၃၅°C,ဟင်းချက် (ဆီသတ်၊ ဟင်း၊ ကင်)၊ ဆေးဖက်ဝင် (အမျှင်ဓာတ်၊ ဓာတ်တိုးဆန့်ကျင်),အမြစ်တိုသော နွေရာသီသီးနှံဖြစ်ပြီး တိုင်ထောင်ပေးခြင်းနှင့် ပုံမှန်မြေသြဇာကျွေးခြင်းဖြင့် အပင်ဖြစ်ထွန်းမှု ပိုကောင်းစေသည်။,,,,,
SHN_s,7,ဂေါ်ဖီထုပ်,ဟင်းသီးဟင်းရွက်ပင်,၁,၂,၄,အသင့်အတင့်,အပြည့်အဝ,မရ,ရ,မရ,၀.၂၅,၀.၅,၃,၃,၁.၅,၁,၅°C,၂၈°C,ဟင်းချက် (အသုပ်၊ ဟင်းချို၊ အချဉ်ဖောက်)၊ ဆေးဖက်ဝင် (ရောင်ရမ်းမှုကျ၊ အစာချေ),ဆောင်းရာသီ အရွက်စားဟင်းသီးဟင်းရွက်ဖြစ်ပြီး မျှတသော အစိုဓာတ်ကို နှစ်သက်သည်။,,,,,
MDY,7,ဂေါ်ဖီထုပ်,ဟင်းသီးဟင်းရွက်ပင်,၁,၂,၄,အသင့်အတင့်,အပြည့်အဝ,မရ,ရ,မရ,၀.၂၅,၀.၅,၃,၃,၁.၅,၁,၅°C,၂၈°C,ဟင်းချက် (အသုပ်၊ ဟင်းချို၊ အချဉ်ဖောက်)၊ ဆေးဖက်ဝင် (ရောင်ရမ်းမှုကျ၊ အစာချေ),ဆောင်းရာသီ အရွက်စားဟင်းသီးဟင်းရွက်ဖြစ်ပြီး မျှတသော အစိုဓာတ်ကို နှစ်သက်သည်။,,,,,
SAG,7,ဂေါ်ဖီထုပ်,ဟင်းသီးဟင်းရွက်ပင်,၁,၂,၄,အသင့်အတင့်,အပြည့်အဝ,မရ,ရ,မရ,၀.၂၅,၀.၅,၃,၃,၁.၅,၁,၅°C,၂၈°C,ဟင်းချက် (အသုပ်၊ ဟင်းချို၊ အချဉ်ဖောက်)၊ ဆေးဖက်ဝင် (ရောင်ရမ်းမှုကျ၊ အစာချေ),ဆောင်းရာသီ အရွက်စားဟင်းသီးဟင်းရွက်ဖြစ်ပြီး မျှတသော အစိုဓာတ်ကို နှစ်သက်သည်။,,,,,
MDY,8,ကြက်သွန်နီ,ဟင်းသီးဟင်းရွက်ပင်,၀.၅,၁.၅,၂,နည်း,အပြည့်အဝ,မရ,ရ,ရ,၀.၂၅,၀.၅,၁,၂,၁,၁,၅°C,၃၂°C,ချက်ပြုတ်၊ အရသာဖြည့်၊ ဆေးဖက်ဝင် (ဘက်တီးရီးယားဆန့်ကျင်၊ နှလုံးသွေးကြောကျန်းမာ),အနံ့ပြင်းသော ဥကို ရယူရန် စိုက်ပျိုးကြပြီး စနစ်တကျ အခြောက်ခံထားပါက ကြာရှည်စွာ သိုလှောင်ထားနိုင်သည်။,,,,,
SAG,8,ကြက်သွန်နီ,ဟင်းသီးဟင်းရွက်ပင်,၀.၅,၁.၅,၂,နည်း,အပြည့်အဝ,မရ,ရ,ရ,၀.၂၅,၀.၅,၁,၂,၁,၁,၅°C,၃၂°C,ချက်ပြုတ်၊ အရသာဖြည့်၊ ဆေးဖက်ဝင် (ဘက်တီးရီးယားဆန့်ကျင်၊ နှလုံးသွေးကြောကျန်းမာ),အနံ့ပြင်းသော ဥကို ရယူရန် စိုက်ပျိုးကြပြီး စနစ်တကျ အခြောက်ခံထားပါက ကြာရှည်စွာ သိုလှောင်ထားနိုင်သည်။,,,,,
SHN_S,8,ကြက်သွန်နီ,ဟင်းသီးဟင်းရွက်ပင်,၀.၅,၁.၅,၂,နည်း,အပြည့်အဝ,မရ,ရ,ရ,၀.၂၅,၀.၅,၁,၂,၁,၁,၅°C,၃၂°C,ချက်ပြုတ်၊ အရသာဖြည့်၊ ဆေးဖက်ဝင် (ဘက်တီးရီးယားဆန့်ကျင်၊ နှလုံးသွေးကြောကျန်းမာ),အနံ့ပြင်းသော ဥကို ရယူရန် စိုက်ပျိုးကြပြီး စနစ်တကျ အခြောက်ခံထားပါက ကြာရှည်စွာ သိုလှောင်ထားနိုင်သည်။,,,,,
YGN,8,ကြက်သွန်နီ,ဟင်းသီးဟင်းရွက်ပင်,၀.၅,၁.၅,၂,နည်း,အပြည့်အဝ,မရ,ရ,ရ,၀.၂၅,၀.၅,၁,၂,၁,၁,၅°C,၃၂°C,ချက်ပြုတ်၊ အရသာဖြည့်၊ ဆေးဖက်ဝင် (ဘက်တီးရီးယားဆန့်ကျင်၊ နှလုံးသွေးကြောကျန်းမာ),အနံ့ပြင်းသော ဥကို ရယူရန် စိုက်ပျိုးကြပြီး စနစ်တကျ အခြောက်ခံထားပါက ကြာရှည်စွာ သိုလှောင်ထားနိုင်သည်။,,,,,
MDY,9,ကြက်သွန်ဖြူ,ဟင်းသီးဟင်းရွက်ပင်,၀.၅,၁.၅,၂,နည်း,အပြည့်အဝ,မရ,ရ,ရ,၀.၃၃,၀.၅,၁,၁.၅,၁,၁,၅°C,၃၀°C,ဟင်းချက် (ဆီသတ်၊ ဟင်းခတ်)၊ ဆေးဖက်ဝင် (ကိုယ်ခံအား၊ နှလုံးသွေးကြော),အရသာအတွက်သာမက တိုင်းရင်းဆေးဝါးများတွင်ပါ သုံးစွဲကြသည့် အနံ့ပြင်းသော ဥအမျိုးအစားဖြစ်ပြီး ဆောင်းရာသီတွင် ဥမြွှာများကို စိုက်ပျိုးကြသည်။,,,,,
SAG,9,ကြက်သွန်ဖြူ,ဟင်းသီးဟင်းရွက်ပင်,၀.၅,၁.၅,၂,နည်း,အပြည့်အဝ,မရ,ရ,ရ,၀.၃၃,၀.၅,၁,၁.၅,၁,၁,၅°C,၃၀°C,ဟင်းချက် (ဆီသတ်၊ ဟင်းခတ်)၊ ဆေးဖက်ဝင် (ကိုယ်ခံအား၊ နှလုံးသွေးကြော),အရသာအတွက်သာမက တိုင်းရင်းဆေးဝါးများတွင်ပါ သုံးစွဲကြသည့် အနံ့ပြင်းသော ဥအမျိုးအစားဖြစ်ပြီး ဆောင်းရာသီတွင် ဥမြွှာများကို စိုက်ပျိုးကြသည်။,,,,,
SHN_S,9,ကြက်သွန်ဖြူ,ဟင်းသီးဟင်းရွက်ပင်,၀.၅,၁.၅,၂,နည်း,အပြည့်အဝ,မရ,ရ,ရ,၀.၃၃,၀.၅,၁,၁.၅,၁,၁,၅°C,၃၀°C,ဟင်းချက် (ဆီသတ်၊ ဟင်းခတ်)၊ ဆေးဖက်ဝင် (ကိုယ်ခံအား၊ နှလုံးသွေးကြော),အရသာအတွက်သာမက တိုင်းရင်းဆေးဝါးများတွင်ပါ သုံးစွဲကြသည့် အနံ့ပြင်းသော ဥအမျိုးအစားဖြစ်ပြီး ဆောင်းရာသီတွင် ဥမြွှာများကို စိုက်ပျိုးကြသည်။,,,,,
SHN_S,10,အာလူး,ဟင်းသီးဟင်းရွက်ပင်,၁,၂.၅,၂,အသင့်အတင့်,အပြည့်အဝ,မရ,ရ,ရ,၀.၂၅,၀.၄,၂,၂.၅,၁.၆,၁,၄°C,၃၀°C,ချက်ပြုတ် (ပြုတ်၊ ကြော်၊ ဖုတ်)၊ ကစီဓာတ်ရင်းမြစ်,မြေအောက်တွင် ဥတက်သော အပင်ဖြစ်ပြီး မြေပွကို နှစ်သက်ကာ ဥများ ကောင်းစွာ ဖွံ့ဖြိုးရန် ဘောင်တင်ပေးခြင်း (သို့) ပင်ခြေမြေဖို့ပေးခြင်း လိုအပ်သည်။,,,,,
CHN,10,အာလူး,ဟင်းသီးဟင်းရွက်ပင်,၁,၂.၅,၂,အသင့်အတင့်,အပြည့်အဝ,မရ,ရ,ရ,၀.၂၅,၀.၄,၂,၂.၅,၁.၆,၁,၄°C,၃၀°C,ချက်ပြုတ် (ပြုတ်၊ ကြော်၊ ဖုတ်)၊ ကစီဓာတ်ရင်းမြစ်,မြေအောက်တွင် ဥတက်သော အပင်ဖြစ်ပြီး မြေပွကို နှစ်သက်ကာ ဥများ ကောင်းစွာ ဖွံ့ဖြိုးရန် ဘောင်တင်ပေးခြင်း (သို့) ပင်ခြေမြေဖို့ပေးခြင်း လိုအပ်သည်။,,,,,
KCH,10,အာလူး,ဟင်းသီးဟင်းရွက်ပင်,၁,၂.၅,၂,အသင့်အတင့်,အပြည့်အဝ,မရ,ရ,ရ,၀.၂၅,၀.၄,၂,၂.၅,၁.၆,၁,၄°C,၃၀°C,ချက်ပြုတ် (ပြုတ်၊ ကြော်၊ ဖုတ်)၊ ကစီဓာတ်ရင်းမြစ်,မြေအောက်တွင် ဥတက်သော အပင်ဖြစ်ပြီး မြေပွကို နှစ်သက်ကာ ဥများ ကောင်းစွာ ဖွံ့ဖြိုးရန် ဘောင်တင်ပေးခြင်း (သို့) ပင်ခြေမြေဖို့ပေးခြင်း လိုအပ်သည်။,,,,,
SHN_S,11,ချင်း (ဂျင်း),ဟင်းသီးဟင်းရွက်ပင်,၁,၃,၄,အသင့်အတင့်,အသင့်အတင့်,ရ,ရ,ရ,၀.၅,၁,၂,၂,၁.၂,၄,၁၂°C,၃၅°C,ဟင်းချက် (လက်ဖက်ရည်၊ ချက်ပြုတ်)၊ ဆေးဖက်ဝင် (အစာချေ၊ အော့အန်သက်သာ),အစို သို့မဟုတ် အခြောက် အသုံးပြုနိုင်သည့် မွှေးကြိုင်သော မြေအောက်တက်မျိုးဖြစ်ပြီး ပူနွေးစိုစွတ်သော ရာသီဥတုနှင့် နေရောင်ခြည် တစ်စိတ်တစ်ပိုင်းရသော နေရာကို နှစ်သက်သည်။,,,,,
KYN,11,ချင်း (ဂျင်း),ဟင်းသီးဟင်းရွက်ပင်,၁,၃,၄,အသင့်အတင့်,အသင့်အတင့်,ရ,ရ,ရ,၀.၅,၁,၂,၂,၁.၂,၄,၁၂°C,၃၅°C,ဟင်းချက် (လက်ဖက်ရည်၊ ချက်ပြုတ်)၊ ဆေးဖက်ဝင် (အစာချေ၊ အော့အန်သက်သာ),အစို သို့မဟုတ် အခြောက် အသုံးပြုနိုင်သည့် မွှေးကြိုင်သော မြေအောက်တက်မျိုးဖြစ်ပြီး ပူနွေးစိုစွတ်သော ရာသီဥတုနှင့် နေရောင်ခြည် တစ်စိတ်တစ်ပိုင်းရသော နေရာကို နှစ်သက်သည်။,,,,,
TNY,11,ချင်း (ဂျင်း),ဟင်းသီးဟင်းရွက်ပင်,၁,၃,၄,အသင့်အတင့်,အသင့်အတင့်,ရ,ရ,ရ,၀.၅,၁,၂,၂,၁.၂,၄,၁၂°C,၃၅°C,ဟင်းချက် (လက်ဖက်ရည်၊ ချက်ပြုတ်)၊ ဆေးဖက်ဝင် (အစာချေ၊ အော့အန်သက်သာ),အစို သို့မဟုတ် အခြောက် အသုံးပြုနိုင်သည့် မွှေးကြိုင်သော မြေအောက်တက်မျိုးဖြစ်ပြီး ပူနွေးစိုစွတ်သော ရာသီဥတုနှင့် နေရောင်ခြည် တစ်စိတ်တစ်ပိုင်းရသော နေရာကို နှစ်သက်သည်။,,,,,
SHN_S,12,နနွင်း,ဟင်းသီးဟင်းရွက်ပင်,၁,၃,၄,အသင့်အတင့်,အသင့်အတင့်,ရ,ရ,ရ,၀.၅,၁,၂,၂,၁.၂,၄,၁၀°C,၃၅°C,ဟင်းချက် (အမွှေးအကြိုင်၊ ဟင်း)၊ ဆေးဖက်ဝင် (ရောင်ရမ်းမှုကျ၊ ဓာတ်တိုးဆန့်ကျင်),ဟင်းချက်ရာနှင့် တိုင်းရင်းဆေးဝါးများတွင် သုံးစွဲသော ရွှေဝါရောင် မြေအောက်တက်မျိုးဖြစ်ပြီး ချင်း(ဂျင်း)ကဲ့သို့သော စိုက်ပျိုးမှုအခြေအနေများကို လိုအပ်သည်။,,,,,
KYN,12,နနွင်း,ဟင်းသီးဟင်းရွက်ပင်,၁,၃,၄,အသင့်အတင့်,အသင့်အတင့်,ရ,ရ,ရ,၀.၅,၁,၂,၂,၁.၂,၄,၁၀°C,၃၅°C,ဟင်းချက် (အမွှေးအကြိုင်၊ ဟင်း)၊ ဆေးဖက်ဝင် (ရောင်ရမ်းမှုကျ၊ ဓာတ်တိုးဆန့်ကျင်),ဟင်းချက်ရာနှင့် တိုင်းရင်းဆေးဝါးများတွင် သုံးစွဲသော ရွှေဝါရောင် မြေအောက်တက်မျိုးဖြစ်ပြီး ချင်း(ဂျင်း)ကဲ့သို့သော စိုက်ပျိုးမှုအခြေအနေများကို လိုအပ်သည်။,,,,,
MON,12,နနွင်း,ဟင်းသီးဟင်းရွက်ပင်,၁,၃,၄,အသင့်အတင့်,အသင့်အတင့်,ရ,ရ,ရ,၀.၅,၁,၂,၂,၁.၂,၄,၁၀°C,၃၅°C,ဟင်းချက် (အမွှေးအကြိုင်၊ ဟင်း)၊ ဆေးဖက်ဝင် (ရောင်ရမ်းမှုကျ၊ ဓာတ်တိုးဆန့်ကျင်),ဟင်းချက်ရာနှင့် တိုင်းရင်းဆေးဝါးများတွင် သုံးစွဲသော ရွှေဝါရောင် မြေအောက်တက်မျိုးဖြစ်ပြီး ချင်း(ဂျင်း)ကဲ့သို့သော စိုက်ပျိုးမှုအခြေအနေများကို လိုအပ်သည်။,,,,,
AYY,13,ရွှေဖရုံသီး,ဟင်းသီးဟင်းရွက်ပင်,၁,၂,၄,အသင့်အတင့်,အပြည့်အဝ,မရ,ရ,မရ,၀.၂၅,၀.၅,၉,၄,၂.၅,၁,၁၂°C,၃၅°C,ချက်ပြုတ် (ဟင်းချို၊ ဖုတ်)၊ အချိုပွဲ၊ ဆေးဖက်ဝင် (ဗီတာမင်ကြွယ်ဝ),အသီးကြီးများ သီးသော နွယ်ပင်အမျိုးအစားဖြစ်ပြီး နေရာကျယ်ဝန်းမှုနှင့် မြေဆီသြဇာ ကောင်းမွန်မှု လိုအပ်သည်။,,,,,
BGO,13,ရွှေဖရုံသီး,ဟင်းသီးဟင်းရွက်ပင်,၁,၂,၄,အသင့်အတင့်,အပြည့်အဝ,မရ,ရ,မရ,၀.၂၅,၀.၅,၉,၄,၂.၅,၁,၁၂°C,၃၅°C,ချက်ပြုတ် (ဟင်းချို၊ ဖုတ်)၊ အချိုပွဲ၊ ဆေးဖက်ဝင် (ဗီတာမင်ကြွယ်ဝ),အသီးကြီးများ သီးသော နွယ်ပင်အမျိုးအစားဖြစ်ပြီး နေရာကျယ်ဝန်းမှုနှင့် မြေဆီသြဇာ ကောင်းမွန်မှု လိုအပ်သည်။,,,,,
YGN,13,ရွှေဖရုံသီး,ဟင်းသီးဟင်းရွက်ပင်,၁,၂,၄,အသင့်အတင့်,အပြည့်အဝ,မရ,ရ,မရ,၀.၂၅,၀.၅,၉,၄,၂.၅,၁,၁၂°C,၃၅°C,ချက်ပြုတ် (ဟင်းချို၊ ဖုတ်)၊ အချိုပွဲ၊ ဆေးဖက်ဝင် (ဗီတာမင်ကြွယ်ဝ),အသီးကြီးများ သီးသော နွယ်ပင်အမျိုးအစားဖြစ်ပြီး နေရာကျယ်ဝန်းမှုနှင့် မြေဆီသြဇာ ကောင်းမွန်မှု လိုအပ်သည်။,,,,,
AYY,14,သခွားသီး,ဟင်းသီးဟင်းရွက်ပင်,၁,၆,၄,အသင့်အတင့်,အပြည့်အဝ,မရ,ရ,ရ,၀.၁၅,၀.၃,၄,၂,၁.၅,၁,၁၂°C,၃၅°C,ဟင်းချက် (အသုပ်၊ အချဉ်တည်)၊ ဆေးဖက်ဝင် (ရေဓာတ်၊ အသားအရေထိန်းသိမ်း),နွယ်ပင်ပေါ်တွင် ပေါက်ရောက်ပြီး ရေဓာတ်ပြည့်ဝသော အသီးဖြစ်ကာ ပုံမှန်ရေရရှိမှုနှင့် အနွေးဓာတ်ကို နှစ်သက်သည်။,,,,,
BGO,14,သခွားသီး,ဟင်းသီးဟင်းရွက်ပင်,၁,၆,၄,အသင့်အတင့်,အပြည့်အဝ,မရ,ရ,ရ,၀.၁၅,၀.၃,၄,၂,၁.၅,၁,၁၂°C,၃၅°C,ဟင်းချက် (အသုပ်၊ အချဉ်တည်)၊ ဆေးဖက်ဝင် (ရေဓာတ်၊ အသားအရေထိန်းသိမ်း),နွယ်ပင်ပေါ်တွင် ပေါက်ရောက်ပြီး ရေဓာတ်ပြည့်ဝသော အသီးဖြစ်ကာ ပုံမှန်ရေရရှိမှုနှင့် အနွေးဓာတ်ကို နှစ်သက်သည်။,,,,,
MDY,14,သခွားသီး,ဟင်းသီးဟင်းရွက်ပင်,၁,၆,၄,အသင့်အတင့်,အပြည့်အဝ,မရ,ရ,ရ,၀.၁၅,၀.၃,၄,၂,၁.၅,၁,၁၂°C,၃၅°C,ဟင်းချက် (အသုပ်၊ အချဉ်တည်)၊ ဆေးဖက်ဝင် (ရေဓာတ်၊ အသားအရေထိန်းသိမ်း),နွယ်ပင်ပေါ်တွင် ပေါက်ရောက်ပြီး ရေဓာတ်ပြည့်ဝသော အသီးဖြစ်ကာ ပုံမှန်ရေရရှိမှုနှင့် အနွေးဓာတ်ကို နှစ်သက်သည်။,,,,,
SHN_S,15,ဆလပ်ရွက်,ဟင်းသီးဟင်းရွက်ပင်,၀.၂,၀.၅,၂,နည်း,အသင့်အတင့်,ရ,ရ,ရ,၀.၀၈,၀.၂,၁,၀.၈,၀.၅,၁,၄°C,၂၅°C,အသုပ်၊ ပေါင်မုန့်ညှပ်၊ ဟင်းချက်အလှဆင်,လျင်မြန်စွာ ကြီးထွားရင့်မှည့်သည့် အရွက်စား ဟင်းသီးဟင်းရွက်ဖြစ်ပြီး အေးမြသော ရာသီဥတုနှင့် ညီမျှသော အစိုဓာတ်ကို နှစ်သက်သည်။,,,,,
MDY,15,ဆလပ်ရွက်,ဟင်းသီးဟင်းရွက်ပင်,၀.၂,၀.၅,၂,နည်း,အသင့်အတင့်,ရ,ရ,ရ,၀.၀၈,၀.၂,၁,၀.၈,၀.၅,၁,၄°C,၂၅°C,အသုပ်၊ ပေါင်မုန့်ညှပ်၊ ဟင်းချက်အလှဆင်,လျင်မြန်စွာ ကြီးထွားရင့်မှည့်သည့် အရွက်စား ဟင်းသီးဟင်းရွက်ဖြစ်ပြီး အေးမြသော ရာသီဥတုနှင့် ညီမျှသော အစိုဓာတ်ကို နှစ်သက်သည်။,,,,,
CHN,15,ဆလပ်ရွက်,ဟင်းသီးဟင်းရွက်ပင်,၀.၂,၀.၅,၂,နည်း,အသင့်အတင့်,ရ,ရ,ရ,၀.၀၈,၀.၂,၁,၀.၈,၀.၅,၁,၄°C,၂၅°C,အသုပ်၊ ပေါင်မုန့်ညှပ်၊ ဟင်းချက်အလှဆင်,လျင်မြန်စွာ ကြီးထွားရင့်မှည့်သည့် အရွက်စား ဟင်းသီးဟင်းရွက်ဖြစ်ပြီး အေးမြသော ရာသီဥတုနှင့် ညီမျှသော အစိုဓာတ်ကို နှစ်သက်သည်။,,,,,
SHN_S,16,ပဲပင်,ဟင်းသီးဟင်းရွက်ပင်,၁,၆,၂,အသင့်အတင့်,အပြည့်အဝ,မရ,ရ,ရ,၀.၁၇,၀.၃၃,၂,၁.၅,၁,၁,၅°C,၂၈°C,အစိုတောင့်၊ ပဲအခြောက်၊ ချက်ပြုတ်၊ သရေစာ,မြေဆီလွှာအတွက် နိုက်ထရိုဂျင်ကို ဖမ်းယူပေးနိုင်သော ပဲပင်မျိုးဖြစ်ပြီး စင်တင်စိုက်ပျိုးပါက အပေါ်သို့ နွယ်တက်ကာ စားသုံးနိုင်သော အသီးတောင့်များကို ထုတ်လုပ်ပေးသည်။,,,,,
MDY,16,ပဲပင်,ဟင်းသီးဟင်းရွက်ပင်,၁,၆,၂,အသင့်အတင့်,အပြည့်အဝ,မရ,ရ,ရ,၀.၁၇,၀.၃၃,၂,၁.၅,၁,၁,၅°C,၂၈°C,အစိုတောင့်၊ ပဲအခြောက်၊ ချက်ပြုတ်၊ သရေစာ,မြေဆီလွှာအတွက် နိုက်ထရိုဂျင်ကို ဖမ်းယူပေးနိုင်သော ပဲပင်မျိုးဖြစ်ပြီး စင်တင်စိုက်ပျိုးပါက အပေါ်သို့ နွယ်တက်ကာ စားသုံးနိုင်သော အသီးတောင့်များကို ထုတ်လုပ်ပေးသည်။,,,,,
SAG,16,ပဲပင်,ဟင်းသီးဟင်းရွက်ပင်,၁,၆,၂,အသင့်အတင့်,အပြည့်အဝ,မရ,ရ,ရ,၀.၁၇,၀.၃၃,၂,၁.၅,၁,၁,၅°C,၂၈°C,အစိုတောင့်၊ ပဲအခြောက်၊ ချက်ပြုတ်၊ သရေစာ,မြေဆီလွှာအတွက် နိုက်ထရိုဂျင်ကို ဖမ်းယူပေးနိုင်သော ပဲပင်မျိုးဖြစ်ပြီး စင်တင်စိုက်ပျိုးပါက အပေါ်သို့ နွယ်တက်ကာ စားသုံးနိုင်သော အသီးတောင့်များကို ထုတ်လုပ်ပေးသည်။,,,,,
SHN_S,17,ပြောင်းဖူး,ဟင်းသီးဟင်းရွက်ပင်,၃,၈,၈,အသင့်အတင့်,အပြည့်အဝ,မရ,ရ,မရ,၀.၂၅,၀.၅,၂,၆,၄,၁,၁၀°C,၃၅°C,အစေ့၊ အစာကျွေး၊ ချက်ပြုတ်၊ ဟင်းချက် (ပြောင်းဖူးမှုန့်၊ ပြောင်းဖူးရည်),အစေ့အဆန် ရယူရန် စိုက်ပျိုးသော တစ်နှစ်ခံ နှံစားသီးနှံဖြစ်ပြီး မြေဆီသြဇာထက်သန်မှုနှင့် နေရောင်ခြည် အပြည့်အဝရရှိရန် လိုအပ်သည်။,,,,,
SAG,17,ပြောင်းဖူး,ဟင်းသီးဟင်းရွက်ပင်,၃,၈,၈,အသင့်အတင့်,အပြည့်အဝ,မရ,ရ,မရ,၀.၂၅,၀.၅,၂,၆,၄,၁,၁၀°C,၃၅°C,အစေ့၊ အစာကျွေး၊ ချက်ပြုတ်၊ ဟင်းချက် (ပြောင်းဖူးမှုန့်၊ ပြောင်းဖူးရည်),အစေ့အဆန် ရယူရန် စိုက်ပျိုးသော တစ်နှစ်ခံ နှံစားသီးနှံဖြစ်ပြီး မြေဆီသြဇာထက်သန်မှုနှင့် နေရောင်ခြည် အပြည့်အဝရရှိရန် လိုအပ်သည်။,,,,,
MDY,17,ပြောင်းဖူး,ဟင်းသီးဟင်းရွက်ပင်,၃,၈,၈,အသင့်အတင့်,အပြည့်အဝ,မရ,ရ,မရ,၀.၂၅,၀.၅,၂,၆,၄,၁,၁၀°C,၃၅°C,အစေ့၊ အစာကျွေး၊ ချက်ပြုတ်၊ ဟင်းချက် (ပြောင်းဖူးမှုန့်၊ ပြောင်းဖူးရည်),အစေ့အဆန် ရယူရန် စိုက်ပျိုးသော တစ်နှစ်ခံ နှံစားသီးနှံဖြစ်ပြီး မြေဆီသြဇာထက်သန်မှုနှင့် နေရောင်ခြည် အပြည့်အဝရရှိရန် လိုအပ်သည်။,,,,,
MDY,19,ကန်စွန်းဥ,ဟင်းသီးဟင်းရွက်ပင်,၁,၃,၄,နည်း,အပြည့်အဝ,မရ,ရ,ရ,၀.၃၃,၀.၇၅,၃,၂.၅,၁.၆,၁,၁၀°C,၃၅°C,ဥချက်ပြုတ်၊ ဖုတ်၊ အချိုပွဲ၊ ဆေးဖက်ဝင် (အမျှင်ဓာတ်၊ ဗီတာမင်အေ),ကစီဓာတ်ပြည့်ဝသော ဥများကို ထုတ်လုပ်ပေးသည့် နွယ်ပင်ဖြစ်ပြီး မြေဆီလွှာ ညံ့ဖျင်းသော နေရာများတွင်လည်း ဖြစ်ထွန်းနိုင်သည်။,,,,,
SHN_S,19,ကန်စွန်းဥ,ဟင်းသီးဟင်းရွက်ပင်,၁,၃,၄,နည်း,အပြည့်အဝ,မရ,ရ,ရ,၀.၃၃,၀.၇၅,၃,၂.၅,၁.၆,၁,၁၀°C,၃၅°C,ဥချက်ပြုတ်၊ ဖုတ်၊ အချိုပွဲ၊ ဆေးဖက်ဝင် (အမျှင်ဓာတ်၊ ဗီတာမင်အေ),ကစီဓာတ်ပြည့်ဝသော ဥများကို ထုတ်လုပ်ပေးသည့် နွယ်ပင်ဖြစ်ပြီး မြေဆီလွှာ ညံ့ဖျင်းသော နေရာများတွင်လည်း ဖြစ်ထွန်းနိုင်သည်။,,,,,
SAG,19,ကန်စွန်းဥ,ဟင်းသီးဟင်းရွက်ပင်,၁,၃,၄,နည်း,အပြည့်အဝ,မရ,ရ,ရ,၀.၃၃,၀.၇၅,၃,၂.၅,၁.၆,၁,၁၀°C,၃၅°C,ဥချက်ပြုတ်၊ ဖုတ်၊ အချိုပွဲ၊ ဆေးဖက်ဝင် (အမျှင်ဓာတ်၊ ဗီတာမင်အေ),ကစီဓာတ်ပြည့်ဝသော ဥများကို ထုတ်လုပ်ပေးသည့် နွယ်ပင်ဖြစ်ပြီး မြေဆီလွှာ ညံ့ဖျင်းသော နေရာများတွင်လည်း ဖြစ်ထွန်းနိုင်သည်။,,,,,
AYY,20,မာလကာသီး,သီးပင်,၁၀,၂၀,၂၀,နည်း,အပြည့်အဝ,မရ,ရ,ရ,၁.၅,၃,၂၅,၂၅,၁၈,၂၅,၁၀°C,၃၈°C,သစ်သီး၊ ယို၊ ဆေးဖက်ဝင် (အစာချေ၊ ကိုယ်ခံအား),ချိုချဉ်အရသာရှိသော အသီးများသီးသည့် ဒဏ်ခံနိုင်သော အပူပိုင်းဒေသအပင်ဖြစ်ပြီး မြေအမျိုးအစား အမျိုးမျိုးတွင် ပေါက်ရောက်နိုင်သည်။,,,,,
BGO,20,မာလကာသီး,သီးပင်,၁၀,၂၀,၂၀,နည်း,အပြည့်အဝ,မရ,ရ,ရ,၁.၅,၃,၂၅,၂၅,၁၈,၂၅,၁၀°C,၃၈°C,သစ်သီး၊ ယို၊ ဆေးဖက်ဝင် (အစာချေ၊ ကိုယ်ခံအား),ချိုချဉ်အရသာရှိသော အသီးများသီးသည့် ဒဏ်ခံနိုင်သော အပူပိုင်းဒေသအပင်ဖြစ်ပြီး မြေအမျိုးအစား အမျိုးမျိုးတွင် ပေါက်ရောက်နိုင်သည်။,,,,,
MDY,20,မာလကာသီး,သီးပင်,၁၀,၂၀,၂၀,နည်း,အပြည့်အဝ,မရ,ရ,ရ,၁.၅,၃,၂၅,၂၅,၁၈,၂၅,၁၀°C,၃၈°C,သစ်သီး၊ ယို၊ ဆေးဖက်ဝင် (အစာချေ၊ ကိုယ်ခံအား),ချိုချဉ်အရသာရှိသော အသီးများသီးသည့် ဒဏ်ခံနိုင်သော အပူပိုင်းဒေသအပင်ဖြစ်ပြီး မြေအမျိုးအစား အမျိုးမျိုးတွင် ပေါက်ရောက်နိုင်သည်။,,,,,
YGN,20,မာလကာသီး,သီးပင်,၁၀,၂၀,၂၀,နည်း,အပြည့်အဝ,မရ,ရ,ရ,၁.၅,၃,၂၅,၂၅,၁၈,၂၅,၁၀°C,၃၈°C,သစ်သီး၊ ယို၊ ဆေးဖက်ဝင် (အစာချေ၊ ကိုယ်ခံအား),ချိုချဉ်အရသာရှိသော အသီးများသီးသည့် ဒဏ်ခံနိုင်သော အပူပိုင်းဒေသအပင်ဖြစ်ပြီး မြေအမျိုးအစား အမျိုးမျိုးတွင် ပေါက်ရောက်နိုင်သည်။,,,,,
AYY,21,သင်္ဘောသီး,သီးပင်,၆,၁၅,၂၀,နည်း,အပြည့်အဝ,မရ,ရ,ရ,၀.၅,၁.၅,၁၆,၁၀,၇,၆,၁၀°C,၄၀°C,သစ်သီး၊ အသုပ်၊ အစာကြေအထောက်အကူ၊ ဆေးဖက်ဝင် (ပါပိန်းအင်ဇိုင်း),ကြီးထွားနှုန်းမြန်သော အပူပိုင်းဒေသအပင်ဖြစ်ပြီး အခြေအနေကောင်းပါက တစ်နှစ်အတွင်း အသီးချိုများ သီးနိုင်သည်။,,,,,
BGO,21,သင်္ဘောသီး,သီးပင်,၆,၁၅,၂၀,နည်း,အပြည့်အဝ,မရ,ရ,ရ,၀.၅,၁.၅,၁၆,၁၀,၇,၆,၁၀°C,၄၀°C,သစ်သီး၊ အသုပ်၊ အစာကြေအထောက်အကူ၊ ဆေးဖက်ဝင် (ပါပိန်းအင်ဇိုင်း),ကြီးထွားနှုန်းမြန်သော အပူပိုင်းဒေသအပင်ဖြစ်ပြီး အခြေအနေကောင်းပါက တစ်နှစ်အတွင်း အသီးချိုများ သီးနိုင်သည်။,,,,,
BGO,21,သင်္ဘောသီး,သီးပင်,၆,၁၅,၂၀,နည်း,အပြည့်အဝ,မရ,ရ,ရ,၀.၅,၁.၅,၁၆,၁၀,၇,၆,၁၀°C,၄၀°C,သစ်သီး၊ အသုပ်၊ အစာကြေအထောက်အကူ၊ ဆေးဖက်ဝင် (ပါပိန်းအင်ဇိုင်း),ကြီးထွားနှုန်းမြန်သော အပူပိုင်းဒေသအပင်ဖြစ်ပြီး အခြေအနေကောင်းပါက တစ်နှစ်အတွင်း အသီးချိုများ သီးနိုင်သည်။,,,,,
YGN,21,သင်္ဘောသီး,သီးပင်,၆,၁၅,၂၀,နည်း,အပြည့်အဝ,မရ,ရ,ရ,၀.၅,၁.၅,၁၆,၁၀,၇,၆,၁၀°C,၄၀°C,သစ်သီး၊ အသုပ်၊ အစာကြေအထောက်အကူ၊ ဆေးဖက်ဝင် (ပါပိန်းအင်ဇိုင်း),ကြီးထွားနှုန်းမြန်သော အပူပိုင်းဒေသအပင်ဖြစ်ပြီး အခြေအနေကောင်းပါက တစ်နှစ်အတွင်း အသီးချိုများ သီးနိုင်သည်။,,,,,
AYY,22,ငှက်ပျောသီး,သီးပင်,၆,၂၅,၁၃,အသင့်အတင့်,အပြည့်အဝ,မရ,ရ,ရ,၀.၇၅,၁.၅,၁၆,၂၀,၁၄,၇,၁၀°C,၃၈°C,သစ်သီး၊ အချိုပွဲ၊ ဖုတ်၊ ဆေးဖက်ဝင် (ပိုတက်စီယမ်၊ အစာချေ),အသီးချိုများကို အခိုင်လိုက် သီးလေ့ရှိသည့် ပင်စည်ပျော့အပင်ကြီးမျိုးဖြစ်ပြီး ပုံမှန်ရေနှင့် အာဟာရဓာတ် လိုအပ်သည်။,,,,,
TNY,22,ငှက်ပျောသီး,သီးပင်,၆,၂၅,၁၃,အသင့်အတင့်,အပြည့်အဝ,မရ,ရ,ရ,၀.၇၅,၁.၅,၁၆,၂၀,၁၄,၇,၁၀°C,၃၈°C,သစ်သီး၊ အချိုပွဲ၊ ဖုတ်၊ ဆေးဖက်ဝင် (ပိုတက်စီယမ်၊ အစာချေ),အသီးချိုများကို အခိုင်လိုက် သီးလေ့ရှိသည့် ပင်စည်ပျော့အပင်ကြီးမျိုးဖြစ်ပြီး ပုံမှန်ရေနှင့် အာဟာရဓာတ် လိုအပ်သည်။,,,,,
YGN,22,ငှက်ပျောသီး,သီးပင်,၆,၂၅,၁၃,အသင့်အတင့်,အပြည့်အဝ,မရ,ရ,ရ,၀.၇၅,၁.၅,၁၆,၂၀,၁၄,၇,၁၀°C,၃၈°C,သစ်သီး၊ အချိုပွဲ၊ ဖုတ်၊ ဆေးဖက်ဝင် (ပိုတက်စီယမ်၊ အစာချေ),အသီးချိုများကို အခိုင်လိုက် သီးလေ့ရှိသည့် ပင်စည်ပျော့အပင်ကြီးမျိုးဖြစ်ပြီး ပုံမှန်ရေနှင့် အာဟာရဓာတ် လိုအပ်သည်။,,,,,
MON,22,ငှက်ပျောသီး,သီးပင်,၆,၂၅,၁၃,အသင့်အတင့်,အပြည့်အဝ,မရ,ရ,ရ,၀.၇၅,၁.၅,၁၆,၂၀,၁၄,၇,၁၀°C,၃၈°C,သစ်သီး၊ အချိုပွဲ၊ ဖုတ်၊ ဆေးဖက်ဝင် (ပိုတက်စီယမ်၊ အစာချေ),အသီးချိုများကို အခိုင်လိုက် သီးလေ့ရှိသည့် ပင်စည်ပျော့အပင်ကြီးမျိုးဖြစ်ပြီး ပုံမှန်ရေနှင့် အာဟာရဓာတ် လိုအပ်သည်။,,,,,
SHN_S,23,ပန်းဂေါ်ဖီ,ဟင်းသီးဟင်းရွက်ပင်,၁,၂,၄,အသင့်အတင့်,အသင့်အတင့်,မရ,ရ,မရ,၀.၃၃,၀.၅,၃,၃,၁.၈,၁,၅°C,၃၀°C,ချက်ပြုတ် (ပေါင်း၊ ဆီသတ်)၊ အသုပ်၊ အာဟာရ,အပူဒဏ်ကို မခံနိုင်ဘဲ စားသုံးနိုင်သော အပွင့်/အထုပ် ထွက်ရှိသည့် ဆောင်းရာသီ ဂေါ်ဖီမျိုးနွယ်ဝင် အပင်ဖြစ်သည်။,,,,,
MDY,23,ပန်းဂေါ်ဖီ,ဟင်းသီးဟင်းရွက်ပင်,၁,၂,၅,အသင့်အတင့်,အသင့်အတင့်,မရ,ရ,မရ,၀.၃၃,၀.၅,၃,၃,၁.၈,၁,၅°C,၃၀°C,ချက်ပြုတ် (ပေါင်း၊ ဆီသတ်)၊ အသုပ်၊ အာဟာရ,အပူဒဏ်ကို မခံနိုင်ဘဲ စားသုံးနိုင်သော အပွင့်/အထုပ် ထွက်ရှိသည့် ဆောင်းရာသီ ဂေါ်ဖီမျိုးနွယ်ဝင် အပင်ဖြစ်သည်။,,,,,
SAG,23,ပန်းဂေါ်ဖီ,ဟင်းသီးဟင်းရွက်ပင်,၁,၂,၆,အသင့်အတင့်,အသင့်အတင့်,မရ,ရ,မရ,၀.၃၃,၀.၅,၃,၃,၁.၈,၁,၅°C,၃၀°C,ချက်ပြုတ် (ပေါင်း၊ ဆီသတ်)၊ အသုပ်၊ အာဟာရ,အပူဒဏ်ကို မခံနိုင်ဘဲ စားသုံးနိုင်သော အပွင့်/အထုပ် ထွက်ရှိသည့် ဆောင်းရာသီ ဂေါ်ဖီမျိုးနွယ်ဝင် အပင်ဖြစ်သည်။,,,,,
SHN_S,24,စတော်ဘယ်ရီ,သီးပင်,၀.၁,၀.၆,၁,အသင့်အတင့်,အပြည့်အဝ,ရ,ရ,ရ,၀.၂၅,၀.၅,၁,၁.၅,၁,၂,-၅°C,၃၀°C,သစ်သီး၊ အချိုပွဲ၊ ယို၊ ဟင်းချက်အလှဆင်,အေးသောရာသီဥတုတွင် ပေါက်ရောက်သည့် အပင်ပု နှစ်ရှည်ခံပင်ဖြစ်ပြီး နွေဦးနှင့် နွေရာသီတို့တွင် ချိုမြိန်သော စတော်ဘယ်ရီသီးများကို ထုတ်လုပ်ပေးသည်။,,,,,
SHN_S,25,မုန်လာဥနီ,ဟင်းသီးဟင်းရွက်ပင်,၀.၅,၁,၂,နည်း,အပြည့်အဝ,မရ,ရ,ရ,၀.၂၅,၀.၅,၁,၁.၅,၁,၁,၄°C,၃၀°C,ချက်ပြုတ်၊ ဖျော်ရည်၊ ဆေးဖက်ဝင် (အမြင်အာရုံ၊ ဓာတ်တိုးဆန့်ကျင်),ရေသောက်မြစ် (ဥမကြီး) ဖွံ့ဖြိုးစေသော ဥစားသီးနှံဖြစ်ပြီး ဥများ ဖြောင့်တန်းလှပစေရန် ကျောက်ခဲကင်းစင်ပြီး နက်သောမြေကို နှစ်သက်သည်။,,,,,
CHN,25,မုန်လာဥနီ,ဟင်းသီးဟင်းရွက်ပင်,၀.၅,၁,၂,နည်း,အပြည့်အဝ,မရ,ရ,ရ,၀.၂၅,၀.၅,၁,၁.၅,၁,၁,၄°C,၃၀°C,ချက်ပြုတ်၊ ဖျော်ရည်၊ ဆေးဖက်ဝင် (အမြင်အာရုံ၊ ဓာတ်တိုးဆန့်ကျင်),ရေသောက်မြစ် (ဥမကြီး) ဖွံ့ဖြိုးစေသော ဥစားသီးနှံဖြစ်ပြီး ဥများ ဖြောင့်တန်းလှပစေရန် ကျောက်ခဲကင်းစင်ပြီး နက်သောမြေကို နှစ်သက်သည်။,,,,,
SHN_S,28,လိမ္မော်သီး,သီးပင်,၁၂,၃၀,၄,အသင့်အတင့်,အပြည့်အဝ,မရ,ရ,ရ,၃,၆,၂၅,၃၅,၂၅,၄၀,-၃°C,၄၀°C,သစ်သီး၊ ဖျော်ရည်၊ လိမ္မော်ယို၊ ဆေးဖက်ဝင် (ဗီတာမင်စီ),ချိုချဉ်သော အသီးများရရှိသည့် ရှောက်/သံပုရာ မျိုးနွယ်ဝင်အပင်ဖြစ်ပြီး ဆီးနှင်းကင်းစင်သော ဆောင်းရာသီနှင့် ပုံမှန် မြေသြဇာကျွေးမှု လိုအပ်သည်။,,,,,
MDY,28,လိမ္မော်သီး,သီးပင်,၁၂,၃၀,၅,အသင့်အတင့်,အပြည့်အဝ,မရ,ရ,ရ,၃,၆,၂၅,၃၅,၂၅,၄၀,-၃°C,၄၀°C,သစ်သီး၊ ဖျော်ရည်၊ လိမ္မော်ယို၊ ဆေးဖက်ဝင် (ဗီတာမင်စီ),ချိုချဉ်သော အသီးများရရှိသည့် ရှောက်/သံပုရာ မျိုးနွယ်ဝင်အပင်ဖြစ်ပြီး ဆီးနှင်းကင်းစင်သော ဆောင်းရာသီနှင့် ပုံမှန် မြေသြဇာကျွေးမှု လိုအပ်သည်။,,,,,
SHN_S,29,ပန်းသီး,သီးပင်,၁၀,၃၀,၆,များ,အပြည့်အဝ,မရ,ရ,ရ,၃,၈,၂၅,၄၀,၃၀,၅၀,-၁၀°C,၃၅°C,သစ်သီး၊ အချိုပွဲ၊ ဖုတ်၊ ဖျော်ရည်၊ ယို,ပန်းသီးများ သီးသော အရွက်ကြွေပင်ဖြစ်ပြီး လုံလောက်သော အအေးချိန်နာရီများနှင့် စနစ်တကျ ကိုင်းဖြတ်ပြုပြင်ခြင်းတို့ လိုအပ်သည်။,,,,,
TNY,30,နာနတ်သီး,သီးပင်,၁,၄,၇,နည်း,အပြည့်အဝ,မရ,ရ,ရ,၁,၁.၅,၄,၁.၂,၀.၆,၇,၁၀°C,၃၅°C,သစ်သီး၊ ဖျော်ရည်၊ အချိုပွဲ၊ ဟင်းချက်၊ ဆေးဖက်ဝင် (အစာချေ),အရွက်ချွန်များနှင့်အတူ ကြမ်းတမ်းသောအသားအရေရှိ၍ ချိုပြီး အရည်ရွှမ်းသောအသီးများ သီးသောအပူပိုင်းဒေသအပင်ဖြစ်သည်။,,,,,
MON,30,နာနတ်သီး,သီးပင်,၁,၄,၈,နည်း,အပြည့်အဝ,မရ,ရ,ရ,၁,၁.၅,၄,၁.၂,၀.၆,၇,၁၀°C,၃၅°C,သစ်သီး၊ ဖျော်ရည်၊ အချိုပွဲ၊ ဟင်းချက်၊ ဆေးဖက်ဝင် (အစာချေ),အရွက်ချွန်များနှင့်အတူ ကြမ်းတမ်းသောအသားအရေရှိ၍ ချိုပြီး အရည်ရွှမ်းသောအသီးများ သီးသောအပူပိုင်းဒေသအပင်ဖြစ်သည်။,,,,,
YGN,30,နာနတ်သီး,သီးပင်,၁,၄,၈,နည်း,အပြည့်အဝ,မရ,ရ,ရ,၁,၁.၅,၄,၁.၂,၀.၆,၇,၁၀°C,၃၅°C,သစ်သီး၊ ဖျော်ရည်၊ အချိုပွဲ၊ ဟင်းချက်၊ ဆေးဖက်ဝင် (အစာချေ),အရွက်ချွန်များနှင့်အတူ ကြမ်းတမ်းသောအသားအရေရှိ၍ ချိုပြီး အရည်ရွှမ်းသောအသီးများ သီးသောအပူပိုင်းဒေသအပင်ဖြစ်သည်။,,,,,
AYY,31,ဖရဲသီး,သီးပင်,၀.၆,၂,၂၀,အသင့်အတင့်,အပြည့်အဝ,မရ,ရ,မရ,၀.၃,၀.၅,၁၂,၁.၅,၀.၉,၀.၅,၁၂°C,၄၀°C,သစ်သီး၊ ဖျော်ရည်၊ အသုပ်၊ အေးမြစေ,အစိမ်းရောင် အခွံပါ၍ အစေ့နက်များပါရှိသည့် အနီရောင် အရည်ရွှမ်းသော အသားရှိသည့် နွယ်ပင်ပေါ်တွင် ပေါက်သောအသီးကြီးဖြစ်သည်။,,,,,
BGO,31,ဖရဲသီး,သီးပင်,၀.၆,၂,၂၀,အသင့်အတင့်,အပြည့်အဝ,မရ,ရ,မရ,၀.၃,၀.၅,၁၂,၁.၅,၀.၉,၀.၅,၁၂°C,၄၀°C,သစ်သီး၊ ဖျော်ရည်၊ အသုပ်၊ အေးမြစေ,အစိမ်းရောင် အခွံပါ၍ အစေ့နက်များပါရှိသည့် အနီရောင် အရည်ရွှမ်းသော အသားရှိသည့် နွယ်ပင်ပေါ်တွင် ပေါက်သောအသီးကြီးဖြစ်သည်။,,,,,
MDY,31,ဖရဲသီး,သီးပင်,၀.၆,၂,၂၀,အသင့်အတင့်,အပြည့်အဝ,မရ,ရ,မရ,၀.၃,၀.၅,၁၂,၁.၅,၀.၉,၀.၅,၁၂°C,၄၀°C,သစ်သီး၊ ဖျော်ရည်၊ အသုပ်၊ အေးမြစေ,အစိမ်းရောင် အခွံပါ၍ အစေ့နက်များပါရှိသည့် အနီရောင် အရည်ရွှမ်းသော အသားရှိသည့် နွယ်ပင်ပေါ်တွင် ပေါက်သောအသီးကြီးဖြစ်သည်။,,,,,
YGN,32,နဂါးမောက်သီး,သီးပင်,၃,၁၀,၄,အသင့်အတင့်,အပြည့်အဝ,မရ,ရ,ရ,၀.၅,၁,၉,၁,၀.၇,၂၀,၁၅°C,၃၈°C,သစ်သီး၊ ဖျော်ရည်၊ အချိုပွဲ၊ ဆေးဖက်ဝင် (ဓာတ်တိုးဆန့်ကျင်၊ ရေဓာတ်),အပြင်ခွံ အဝါရောင် သို့မဟုတ် ပန်းရောင်နှင့် အစေ့နက်ငယ်များပါရှိသည့် အသားဖြူ သို့မဟုတ် အနီစက်များပါရှိသော ရှားစောင်းပင်ဖြစ်သည်။,,,,,
AYY,32,နဂါးမောက်သီး,သီးပင်,၃,၁၀,၄,အသင့်အတင့်,အပြည့်အဝ,မရ,ရ,ရ,၀.၅,၁,၉,၁,၀.၇,၂၀,၁၅°C,၃၈°C,သစ်သီး၊ ဖျော်ရည်၊ အချိုပွဲ၊ ဆေးဖက်ဝင် (ဓာတ်တိုးဆန့်ကျင်၊ ရေဓာတ်),အပြင်ခွံ အဝါရောင် သို့မဟုတ် ပန်းရောင်နှင့် အစေ့နက်ငယ်များပါရှိသည့် အသားဖြူ သို့မဟုတ် အနီစက်များပါရှိသော ရှားစောင်းပင်ဖြစ်သည်။,,,,,
BGO,32,နဂါးမောက်သီး,သီးပင်,၃,၁၀,၄,အသင့်အတင့်,အပြည့်အဝ,မရ,ရ,ရ,၀.၅,၁,၉,၁,၀.၇,၂၀,၁၅°C,၃၈°C,သစ်သီး၊ ဖျော်ရည်၊ အချိုပွဲ၊ ဆေးဖက်ဝင် (ဓာတ်တိုးဆန့်ကျင်၊ ရေဓာတ်),အပြင်ခွံ အဝါရောင် သို့မဟုတ် ပန်းရောင်နှင့် အစေ့နက်ငယ်များပါရှိသည့် အသားဖြူ သို့မဟုတ် အနီစက်များပါရှိသော ရှားစောင်းပင်ဖြစ်သည်။,,,,,
AYY,33,ကြက်မောက်သီး,သီးပင်,၁၅,၅၀,၁၃,များ,အပြည့်အဝ,မရ,ရ,မရ,၄,၆,၄၀,၂၂,၁၂,၄၀,-၂°C,၄၀°C,သစ်သီး၊ အချိုပွဲ၊ ဖျော်ရည်,ပျော့သောအဆူးများဖြင့် ဖုံးအုပ်ထားပြီး ချို၍ကြည်လင်သော အသားများပါရှိသည့် အပူပိုင်းဒေသ သစ်ပင်အသီးဖြစ်သည်။,,,,,
MON,33,ကြက်မောက်သီး,သီးပင်,၁၅,၅၀,၁၃,များ,အပြည့်အဝ,မရ,ရ,မရ,၄,၆,၄၀,၂၂,၁၂,၄၀,-၂°C,၄၀°C,သစ်သီး၊ အချိုပွဲ၊ ဖျော်ရည်,ပျော့သောအဆူးများဖြင့် ဖုံးအုပ်ထားပြီး ချို၍ကြည်လင်သော အသားများပါရှိသည့် အပူပိုင်းဒေသ သစ်ပင်အသီးဖြစ်သည်။,,,,,
MDY,34,လိုင်ချီးသီး,သီးပင်,၂၀,၄၀,၁၃,အသင့်အတင့်,အပြည့်အဝ,မရ,ရ,မရ,၃,၆,၃၀,၇,၅,၁၀၀,၅°C,၃၀°C,သစ်သီး၊ အချိုပွဲ၊ ဖျော်ရည်,အပြင်ခွံ ကြမ်းတမ်းပြီး အနီရောင် အသီးလုံးသေးဖြစ်ကာ အတွင်းသားသည် ကြည်လင်၊ အရည်ရွှမ်းပြီး မွှေးကြိုင်သော အသားရှိသည်။,,,,,
SHN_S,34,လိုင်ချီးသီး,သီးပင်,၂၀,၄၀,၁၃,အသင့်အတင့်,အပြည့်အဝ,မရ,ရ,မရ,၃,၆,၃၀,၇,၅,၁၀၀,၅°C,၃၀°C,သစ်သီး၊ အချိုပွဲ၊ ဖျော်ရည်,အပြင်ခွံ ကြမ်းတမ်းပြီး အနီရောင် အသီးလုံးသေးဖြစ်ကာ အတွင်းသားသည် ကြည်လင်၊ အရည်ရွှမ်းပြီး မွှေးကြိုင်သော အသားရှိသည်။,,,,,
AYY,34,လိုင်ချီးသီး,သီးပင်,၂၀,၄၀,၁၃,အသင့်အတင့်,အပြည့်အဝ,မရ,ရ,မရ,၃,၆,၃၀,၇,၅,၁၀၀,၅°C,၃၀°C,သစ်သီး၊ အချိုပွဲ၊ ဖျော်ရည်,အပြင်ခွံ ကြမ်းတမ်းပြီး အနီရောင် အသီးလုံးသေးဖြစ်ကာ အတွင်းသားသည် ကြည်လင်၊ အရည်ရွှမ်းပြီး မွှေးကြိုင်သော အသားရှိသည်။,,,,,
SHN_S,35,ချယ်ရီသီး,သီးပင်,၁၀,၄၀,၄,များ,အသင့်အတင့်,မရ,ရ,ရ,၃,၆,၂၅,၃,၂,၂၅,-၅°C,၃၀°C,သစ်သီး၊ အချိုပွဲ၊ ဖုတ်၊ ဖျော်ရည်,အစေ့တစ်ခုပါရှိပြီး အချို သို့မဟုတ် အချဉ်အရသာရှိကာ အနီရောင် အသီးလုံးသေးဖြစ်သည်။,,,,,
SHN_S,36,သစ်တော်သီး,သီးပင်,၁၂,၃၀,၄,အသင့်အတင့်,အပြည့်အဝ,မရ,ရ,ရ,၃,၅,၂၀,၂.၅,၁.၅,၄၀,-၃°C,၄၀°C,သစ်သီး၊ အချိုပွဲ၊ ဖုတ်၊ ဖျော်ရည်,အပြင်ခွံ ချောမွတ်ပြီး ကြွပ်ဆတ်၍ အရည်ရွှမ်းသော အသားပါရှိကာ အချို သို့မဟုတ် အနည်းငယ်ချဉ်သော အရသာရှိသည့် အလတ်စား သစ်ပင်အသီးဖြစ်သည်။,,,,,
KYN,37,ငရုတ်ကောင်း,သီးပင်,၃,၈,၄,အသင့်အတင့်,အသင့်အတင့်,ရ,ရ,ရ,၁,၂,၄,၁,၀.၆,၁၅,၅°C,၃၀°C,ဟင်းချက် (ဟင်းခတ်၊ အရသာ)၊ ဆေးဖက်ဝင် (အစာချေ၊ ကိုယ်ခံအား),ဟင်းခတ်အမွှေးအကြိုင်အဖြစ် အသုံးပြုသော အစပ် သို့မဟုတ် အနူးညံ့ဆုံး အသီးငယ်များ သီးသည့် နွယ်ပင်ဖြစ်သည်။,,,,,
SHN_S,37,ငရုတ်ကောင်း,သီးပင်,၃,၈,၁,အသင့်အတင့်,အသင့်အတင့်,ရ,ရ,ရ,၁,၂,၄,၁,၀.၆,၁၅,၅°C,၃၀°C,ဟင်းချက် (ဟင်းခတ်၊ အရသာ)၊ ဆေးဖက်ဝင် (အစာချေ၊ ကိုယ်ခံအား),ဟင်းခတ်အမွှေးအကြိုင်အဖြစ် အသုံးပြုသော အစပ် သို့မဟုတ် အနူးညံ့ဆုံး အသီးငယ်များ သီးသည့် နွယ်ပင်ဖြစ်သည်။,,,,,
TNY,37,ငရုတ်ကောင်း,သီးပင်,၃,၈,၁,အသင့်အတင့်,အသင့်အတင့်,ရ,ရ,ရ,၁,၂,၄,၁,၀.၆,၁၅,၅°C,၃၀°C,ဟင်းချက် (ဟင်းခတ်၊ အရသာ)၊ ဆေးဖက်ဝင် (အစာချေ၊ ကိုယ်ခံအား),ဟင်းခတ်အမွှေးအကြိုင်အဖြစ် အသုံးပြုသော အစပ် သို့မဟုတ် အနူးညံ့ဆုံး အသီးငယ်များ သီးသည့် နွယ်ပင်ဖြစ်သည်။,,,,,
YGN,38,ငရုတ်ပွ,သီးပင်,၁,၃,၁,အသင့်အတင့်,အသင့်အတင့်/အပြည့်အဝ,ရ,ရ,ရ,၀.၅,၁,၂,၁.၅,၁,၁,၁၀°C,၃၅°C,ဟင်းချက် (အသုပ်၊ ချက်ပြုတ်)၊ အာဟာရ (ဗီတာမင်စီ၊ အာဟာရဓာတ်ကြွယ်ဝ),လတ်လတ်ဆတ်ဆတ် သို့မဟုတ် ချက်ပြုတ်၍ အသုံးပြုသော၊ အလယ်အလတ်အဆင့် စိုက်ပျိုးရလွယ်ကူပြီး အရသာနှင့် အာဟာရဓာတ်ကို ဖြည့်တင်းပေးသည့် အရောင်တောက်သော အသီးဖြစ်သည်။,,,,,
MDY,38,ငရုတ်ပွ,သီးပင်,၁,၃,၁,အသင့်အတင့်,အသင့်အတင့်/အပြည့်အဝ,ရ,ရ,ရ,၀.၅,၁,၂,၁.၅,၁,၁,၁၀°C,၃၅°C,ဟင်းချက် (အသုပ်၊ ချက်ပြုတ်)၊ အာဟာရ (ဗီတာမင်စီ၊ အာဟာရဓာတ်ကြွယ်ဝ),လတ်လတ်ဆတ်ဆတ် သို့မဟုတ် ချက်ပြုတ်၍ အသုံးပြုသော၊ အလယ်အလတ်အဆင့် စိုက်ပျိုးရလွယ်ကူပြီး အရသာနှင့် အာဟာရဓာတ်ကို ဖြည့်တင်းပေးသည့် အရောင်တောက်သော အသီးဖြစ်သည်။,,,,,
AYY,39,ရှမ်းနံနံ,ဟင်းသီးဟင်းရွက်ပင်,၀.၂,၁,၁,နည်း,အသင့်အတင့်,ရ,ရ,ရ,၀.၁,၀.၂,၁,၀.၃,၀.၁၅,၂,၅°C,၂၈°C,ဟင်းချက် (အမွှေးအကြိုင်၊ ဟင်းခတ်)၊ ဆေးဖက်ဝင် (ဓာတ်တိုးဆန့်ကျင်၊ အစာချေ),နံနံပင်ထက် အနံ့ပိုပြင်းပြီး မွှေးကြိုင်ကာ အရွက်ရှည်များရှိသော ဟင်းခတ်အပင်ဖြစ်သည်။,,,,,
TNY,39,ရှမ်းနံနံ,ဟင်းသီးဟင်းရွက်ပင်,၀.၂,၁,၁,နည်း,အသင့်အတင့်,ရ,ရ,ရ,၀.၁,၀.၂,၁,၀.၃,၀.၁၅,၂,၅°C,၂၈°C,ဟင်းချက် (အမွှေးအကြိုင်၊ ဟင်းခတ်)၊ ဆေးဖက်ဝင် (ဓာတ်တိုးဆန့်ကျင်၊ အစာချေ),နံနံပင်ထက် အနံ့ပိုပြင်းပြီး မွှေးကြိုင်ကာ အရွက်ရှည်များရှိသော ဟင်းခတ်အပင်ဖြစ်သည်။,,,,,
SHN_S,40,တရုတ်နံနံ,ဟင်းသီးဟင်းရွက်ပင်,၁,၂,၁,အသင့်အတင့်,အသင့်အတင့်,ရ,ရ,ရ,၀.၁,၀.၁၆,၂,၀.၄,၀.၂,၂,၄°C,၂၅°C,ဟင်းချက် (အသုပ်၊ ချက်ပြုတ်)၊ ဆေးဖက်ဝင် (ရေဓာတ်၊ ရောင်ရမ်းမှုကျ),အရိုးတံ ကြွပ်ဆတ်ပြီး အမျှင်ဓာတ်ပါသည့် အရွက်များပါရှိသော အရွက်စိမ်းအပင်ဖြစ်သည်။,,,,,
MDY,40,တရုတ်နံနံ,ဟင်းသီးဟင်းရွက်ပင်,၁,၂,၁,အသင့်အတင့်,အသင့်အတင့်,ရ,ရ,ရ,၀.၁,၀.၁၆,၂,၀.၄,၀.၂,၂,၄°C,၂၅°C,ဟင်းချက် (အသုပ်၊ ချက်ပြုတ်)၊ ဆေးဖက်ဝင် (ရေဓာတ်၊ ရောင်ရမ်းမှုကျ),အရိုးတံ ကြွပ်ဆတ်ပြီး အမျှင်ဓာတ်ပါသည့် အရွက်များပါရှိသော အရွက်စိမ်းအပင်ဖြစ်သည်။,,,,,
YGN,40,တရုတ်နံနံ,ဟင်းသီးဟင်းရွက်ပင်,၁,၂,၁,အသင့်အတင့်,အသင့်အတင့်,ရ,ရ,ရ,၀.၁,၀.၁၆,၂,၀.၄,၀.၂,၂,၄°C,၂၅°C,ဟင်းချက် (အသုပ်၊ ချက်ပြုတ်)၊ ဆေးဖက်ဝင် (ရေဓာတ်၊ ရောင်ရမ်းမှုကျ),အရိုးတံ ကြွပ်ဆတ်ပြီး အမျှင်ဓာတ်ပါသည့် အရွက်များပါရှိသော အရွက်စိမ်းအပင်ဖြစ်သည်။,,,,,
AYY,41,ဘူးသီး,ဟင်းသီးဟင်းရွက်ပင်,၆,၂၀,၄,နည်း,အပြည့်အဝ,မရ,ရ,ရ,၀.၃,၀.၆,၆,၁.၅,၀.၈,၁,၁၀°C,၃၅°C,ဟင်းချက် (ဟင်းချို၊ ချက်ပြုတ်)၊ ဆေးဖက်ဝင် (အစာကြေ၊ အေးမြစေ),စားသုံးနိုင်သော အသားမာပါရှိသည့် ရှည်လျားသော သို့မဟုတ် လုံးဝန်းသောအသီးကြီးများ သီးသည့် နွယ်တက်ပင်ဖြစ်သည်။,,,,,
BGO,41,ဘူးသီး,ဟင်းသီးဟင်းရွက်ပင်,၆,၂၀,၄,နည်း,အပြည့်အဝ,မရ,ရ,ရ,၀.၃,၀.၆,၆,၁.၅,၀.၈,၁,၁၀°C,၃၅°C,ဟင်းချက် (ဟင်းချို၊ ချက်ပြုတ်)၊ ဆေးဖက်ဝင် (အစာကြေ၊ အေးမြစေ),စားသုံးနိုင်သော အသားမာပါရှိသည့် ရှည်လျားသော သို့မဟုတ် လုံးဝန်းသောအသီးကြီးများ သီးသည့် နွယ်တက်ပင်ဖြစ်သည်။,,,,,
YGN,41,ဘူးသီး,ဟင်းသီးဟင်းရွက်ပင်,၆,၂၀,၄,နည်း,အပြည့်အဝ,မရ,ရ,ရ,၀.၃,၀.၆,၆,၁.၅,၀.၈,၁,၁၀°C,၃၅°C,ဟင်းချက် (ဟင်းချို၊ ချက်ပြုတ်)၊ ဆေးဖက်ဝင် (အစာကြေ၊ အေးမြစေ),စားသုံးနိုင်သော အသားမာပါရှိသည့် ရှည်လျားသော သို့မဟုတ် လုံးဝန်းသောအသီးကြီးများ သီးသည့် နွယ်တက်ပင်ဖြစ်သည်။,,,,,
MDY,42,ဟင်းနုနွယ်ရွက်,ဟင်းသီးဟင်းရွက်ပင်,၀.၃,၁,၁,နည်း,အသင့်အတင့်,ရ,ရ,ရ,၀.၁,၀.၂,၁,၀.၂,၀.၁,၁,၄°C,၂၅°C,ဟင်းချက် (အသုပ်၊ ချက်ပြုတ်)၊ ဆေးဖက်ဝင် (သံဓာတ်ကြွယ်ဝ၊ ဓာတ်တိုးဆန့်ကျင်),နူးညံ့ပြီး အရသာပျော့သော အရွက်များပါရှိသည့် ကြီးထွားနှုန်းမြန်သော အရွက်စိမ်းအပင်ဖြစ်သည်။,,,,,
SAG,42,ဟင်းနုနွယ်ရွက်,ဟင်းသီးဟင်းရွက်ပင်,၀.၃,၁,၁,နည်း,အသင့်အတင့်,ရ,ရ,ရ,၀.၁,၀.၂,၁,၀.၂,၀.၁,၁,၄°C,၂၅°C,ဟင်းချက် (အသုပ်၊ ချက်ပြုတ်)၊ ဆေးဖက်ဝင် (သံဓာတ်ကြွယ်ဝ၊ ဓာတ်တိုးဆန့်ကျင်),နူးညံ့ပြီး အရသာပျော့သော အရွက်များပါရှိသည့် ကြီးထွားနှုန်းမြန်သော အရွက်စိမ်းအပင်ဖြစ်သည်။,,,,,
SHN_S,42,ဟင်းနုနွယ်ရွက်,ဟင်းသီးဟင်းရွက်ပင်,၀.၃,၁,၁,နည်း,အသင့်အတင့်,ရ,ရ,ရ,၀.၁,၀.၂,၁,၀.၂,၀.၁,၁,၄°C,၂၅°C,ဟင်းချက် (အသုပ်၊ ချက်ပြုတ်)၊ ဆေးဖက်ဝင် (သံဓာတ်ကြွယ်ဝ၊ ဓာတ်တိုးဆန့်ကျင်),နူးညံ့ပြီး အရသာပျော့သော အရွက်များပါရှိသည့် ကြီးထွားနှုန်းမြန်သော အရွက်စိမ်းအပင်ဖြစ်သည်။,,,,,
SHN_S,43,လက်ဖက်ရွက်,ဟင်းသီးဟင်းရွက်ပင်,၅,၁၅,၂,အသင့်အတင့်,အသင့်အတင့်,မရ,ရ,မရ,၂,၄,၁၂,၃,၁.၅,၄၀,၈°C,၂၈°C,ဟင်းချက် (လက်ဖက်ရည်၊ အဖျော်ယမကာ)၊ ဆေးဖက်ဝင် (ဓာတ်တိုးဆန့်ကျင်၊ နှလုံးကျန်းမာ),လက်ဖက်ရည်အတွက် အသုံးပြုသော အရွက်စိမ်းငယ်များ သီးသည့် ချုံပင်ဖြစ်ကာ တစ်နှစ်ပတ်လုံး စိမ်းလန်းပြီး အပူပိုင်းနှင့် အပူပိုင်းဒေသခွဲများတွင် ပေါက်ရောက်သည်။,,,,,
SHN_S,44,ပန်းဂေါ်ဖီစိမ်း,ဟင်းသီးဟင်းရွက်ပင်,၁,၃,၂,အသင့်အတင့်,အပြည့်အဝ,ရ,ရ,ရ,၀.၃,၀.၅,၃,၀.၈,၀.၄,၂,၅°C,၃၀°C,ချက်ပြုတ် (ပေါင်း၊ ဆီသတ်)၊ အသုပ်၊ ဆေးဖက်ဝင် (ဗီတာမင်၊ အမျှင်ဓာတ်),ပင်စည်ထူ၍ အပွင့်မပွင့်မီ စားသုံးနိုင်သော အာဟာရဓာတ်ပြည့်ဝပြီး အစိမ်းရောင်ပန်းခေါင်းများရှိသည့် အပင်ဖြစ်သည်။,,,,,
CHN,44,ပန်းဂေါ်ဖီစိမ်း,ဟင်းသီးဟင်းရွက်ပင်,၁,၃,၂,အသင့်အတင့်,အပြည့်အဝ,ရ,ရ,ရ,၀.၃,၀.၅,၃,၀.၈,၀.၄,၂,၅°C,၃၀°C,ချက်ပြုတ် (ပေါင်း၊ ဆီသတ်)၊ အသုပ်၊ ဆေးဖက်ဝင် (ဗီတာမင်၊ အမျှင်ဓာတ်),ပင်စည်ထူ၍ အပွင့်မပွင့်မီ စားသုံးနိုင်သော အာဟာရဓာတ်ပြည့်ဝပြီး အစိမ်းရောင်ပန်းခေါင်းများရှိသည့် အပင်ဖြစ်သည်။,,,,,
BGO,45,ကျွန်း,အပင်ကြီး,၉၈,၁၄၈,၂၀,နည်း,အပြည့်အဝ,မရ,ရ,မရ,၂၀,၃၅,၇၀,၅၀,၆၅,၂၀၀,၁၂,၄၂,သစ်၊ ပရိဘောဂ၊ လှေဆောက်,အထူးရှားပါးမာကျောသော သစ်မာပင်,,,,,
SAG,45,ကျွန်း,အပင်ကြီး,၉၈,၁၄၈,၂၀,နည်း,အပြည့်အဝ,မရ,ရ,မရ,၂၀,၃၅,၇၀,၅၀,၆၅,၂၀၀,၁၂,၄၂,သစ်၊ ပရိဘောဂ၊ လှေဆောက်,အထူးရှားပါးမာကျောသော သစ်မာပင်,,,,,
SHN_S,45,ကျွန်း,အပင်ကြီး,၉၈,၁၄၈,၂၀,နည်း,အပြည့်အဝ,မရ,ရ,မရ,၂၀,၃၅,၇၀,၅၀,၆၅,၂၀၀,၁၂,၄၂,သစ်၊ ပရိဘောဂ၊ လှေဆောက်,အထူးရှားပါးမာကျောသော သစ်မာပင်,,,,,
BGO,46,ပိတောက်,အပင်ကြီး,၃၀,၁၂၀,၂၀,နည်း,အပြည့်အဝ,မရ,ရ,မရ,၅,၁၅,၄၀၀,၃၀,၁၉၀,၁၀၀,၁၀,40,သစ်သား၊ပရိဘောဂ၊ပန်းပု၊အခင်း၊တိုင်းရင်းဆေး၊အရိပ်,တောက်ပြောင်သော အနီရောင် သစ်မာပင်,,,,,
MAG,46,ပိတောက်,အပင်ကြီး,၃၀,၁၂၀,၂၀,နည်း,အပြည့်အဝ,မရ,ရ,မရ,၅,၁၅,၄၀၀,၃၀,၁၉၀,၁၀၀,၁၀,41,သစ်သား၊ပရိဘောဂ၊ပန်းပု၊အခင်း၊တိုင်းရင်းဆေး၊အရိပ်,တောက်ပြောင်သော အနီရောင် သစ်မာပင်,,,,,
MDY,46,ပိတောက်,အပင်ကြီး,၃၀,၁၂၀,၂၀,နည်း,အပြည့်အဝ,မရ,ရ,မရ,၅,၁၅,၄၀၀,၃၀,၁၉၀,၁၀၀,၁၀,42,သစ်သား၊ပရိဘောဂ၊ပန်းပု၊အခင်း၊တိုင်းရင်းဆေး၊အရိပ်,တောက်ပြောင်သော အနီရောင် သစ်မာပင်,,,,,
YGN,46,ပိတောက်,အပင်ကြီး,၃၀,၁၂၀,၂၀,နည်း,အပြည့်အဝ,မရ,ရ,မရ,၅,၁၅,၄၀၀,၃၀,၁၉၀,၁၀၀,၁၀,43,သစ်သား၊ပရိဘောဂ၊ပန်းပု၊အခင်း၊တိုင်းရင်းဆေး၊အရိပ်,တောက်ပြောင်သော အနီရောင် သစ်မာပင်,,,,,
AYY,47,ကျွဲကော်,သီးပင်,၁၅,၅၀,၁၃,အသင့်အတင့်,အပြည့်အဝ,မရ,ရ,မရ,၃,၇,၃၀,၃၀,၄၀,၆၅,၃,၄၀,"သစ်သီး, ဖျော်ရည်",citrus များသောအပင်,,,,,
AYY,47,ကျွဲကော်,သီးပင်,၁၅,၅၀,၁၃,အသင့်အတင့်,အပြည့်အဝ,မရ,ရ,မရ,၃,၇,၃၀,၃၀,၄၀,၆၅,၃,၄၀,"သစ်သီး, ဖျော်ရည်",citrus များသောအပင်,,,,,
BGO,47,ကျွဲကော်,သီးပင်,၁၅,၅၀,၁၃,အသင့်အတင့်,အပြည့်အဝ,မရ,ရ,မရ,၃,၇,၃၀,၃၀,၄၀,၆၅,၃,၄၀,"သစ်သီး, ဖျော်ရည်",citrus များသောအပင်,,,,,
MON,47,ကျွဲကော်,သီးပင်,၁၅,၅၀,၁၃,အသင့်အတင့်,အပြည့်အဝ,မရ,ရ,မရ,၃,၇,၃၀,၃၀,၄၀,၆၅,၃,၄၀,"သစ်သီး, ဖျော်ရည်",citrus များသောအပင်,,,,,
MAG,48,မန်ကျည်း,သီးပင်,၈၂,၉၈,၁၃,နည်း,အပြည့်အဝ,မရ,ရ,မရ,၁၃,၁၄,၅၀,၂၅,၁၁၇,၆၀,၂၅,၄၀,အနှစ်၊ ဟင်းခတ်၊ မုန့်များ,အချဉ်ဓာတ်ရှိသော ပဲသီးတောင့်ပုံစံတူသောအသီးပင်,,,,,
MDY,48,မန်ကျည်း,သီးပင်,၈၂,၉၈,၁၃,နည်း,အပြည့်အဝ,မရ,ရ,မရ,၁၃,၁၄,၅၀,၂၅,၁၁၇,၆၀,၂၅,၄၀,အနှစ်၊ ဟင်းခတ်၊ မုန့်များ,အချဉ်ဓာတ်ရှိသော ပဲသီးတောင့်ပုံစံတူသောအသီးပင်,,,,,
YGN,49,ခရေ,ပန်းပွင့်,၁၅,၃၀,၂,အသင့်အတင့်,အပြည့်အဝ,မရ,ရ,ရ,၂,၄,၂၅,၂၀,၃၅,၅၀,၅,၄၀,အလှဆင်၊ တိုင်းရင်းဆေး,အရွယ်အစားသေးငယ်သော အလှစိုက်ပင်,,,,,
AYY,49,ခရေ,ပန်းပွင့်,၁၅,၃၀,၂,အသင့်အတင့်,အပြည့်အဝ,မရ,ရ,ရ,၂,၄,၂၅,၂၀,၃၅,၅၀,၅,၄၀,အလှဆင်၊ တိုင်းရင်းဆေး,အရွယ်အစားသေးငယ်သော အလှစိုက်ပင်,,,,,
MON,49,ခရေ,ပန်းပွင့်,၁၅,၃၀,၂,အသင့်အတင့်,အပြည့်အဝ,မရ,ရ,ရ,၂,၄,၂၅,၂၀,၃၅,၅၀,၅,၄၀,အလှဆင်၊ တိုင်းရင်းဆေး,အရွယ်အစားသေးငယ်သော အလှစိုက်ပင်,,,,,
MAG,50,တမာ,အပင်ကြီး,၄၀,၈၀,၁၃,နည်း,အပြည့်အဝ,မရ,ရ,မရ,၃,၅,၂၅,၂၅,၇၀,၁၅၀,၁၀,၄၄,ပိုးသတ်ဆေး၊ ဆေး၊ ဆီ၊ ဆပ်ပြာ,သဘာဝဆေးဖက်ဝင်အပင်,,,,,
MDY,50,တမာ,အပင်ကြီး,၄၀,၈၀,၁၃,နည်း,အပြည့်အဝ,မရ,ရ,မရ,၃,၅,၂၅,၂၅,၇၀,၁၅၀,၁၀,၄၄,ပိုးသတ်ဆေး၊ ဆေး၊ ဆီ၊ ဆပ်ပြာ,သဘာဝဆေးဖက်ဝင်အပင်,,,,,
SAG,50,တမာ,အပင်ကြီး,၄၀,၈၀,၁၃,နည်း,အပြည့်အဝ,မရ,ရ,မရ,၃,၅,၂၅,၂၅,၇၀,၁၅၀,၁၀,၄၄,ပိုးသတ်ဆေး၊ ဆေး၊ ဆီ၊ ဆပ်ပြာ,သဘာဝဆေးဖက်ဝင်အပင်,,,,,
SHN_S,51,ထောပတ်,သီးပင်,၁၅,၆၀,၂၀,အသင့်အတင့်,အပြည့်အဝ,မရ,ရ,ရ,၃,၇,၂၀၀,၂၅,၁၁၇,၆၀,၁,၃၅,အသီးအနှံထုတ်လုပ်မှု၊ အရိပ်၊ အချက်အပြုတ်ဆီ,အဆီအနှစ်ပြည့်ဝသော အာဟာရဓာတ်မြင့်အသီးပင်,,,,,
SHN_S,52,ထင်းရှူးပင်,အပင်ကြီး,၅၀,၁၅၀,၄,low,အပြည့်အဝ,မရ,ရ,မရ,၄,၁၀,၅၀၀,၃၀,၃၀၀,၅၅၀, -၂၀,၃၀,သစ်၊ စက္ကူ၊ အစေး၊ ရှုခင်း၊ လေကာများ,အမြဲစိမ်းထင်ရှူးပင် (အမြင့်),,,,,
KCH,52,ထင်းရှူးပင်,အပင်ကြီး,၅၀,၁၅၀,၄,low,အပြည့်အဝ,မရ,ရ,မရ,၄,၁၀,၅၀၀,၃၀,၃၀၀,၅၅၀, -၂၀,၃၀,သစ်၊ စက္ကူ၊ အစေး၊ ရှုခင်း၊ လေကာများ,အမြဲစိမ်းထင်ရှူးပင် (အမြင့်),,,,,
CHN,52,ထင်းရှူးပင်,အပင်ကြီး,၅၀,၁၅၀,၄,low,အပြည့်အဝ,မရ,ရ,မရ,၄,၁၀,၅၀၀,၃၀,၃၀၀,၅၅၀, -၂၀,၃၀,သစ်၊ စက္ကူ၊ အစေး၊ ရှုခင်း၊ လေကာများ,အမြဲစိမ်းထင်ရှူးပင် (အမြင့်),,,,,
MON,53,ဒူးရင်း,သီးပင်,၅၀,၁၃၀,၃၀,များ,အပြည့်အဝ,မရ,ရ,မရ,၅,၇,၄၀၀,၂၅,၁၇၀,၁၀၀,၁၅,၃၅,အသီးအနှံ၊ အချက်အပြုတ်ပါဝင်ပစ္စည်း,အနံ့ပြင်းသော အပူပိုင်းအသီးပင်,,,,,
KAH,53,ဒူးရင်း,သီးပင်,၅၀,၁၃၀,၃၀,များ,အပြည့်အဝ,မရ,ရ,မရ,၅,၇,၄၀၀,၂၅,၁၇၀,၁၀၀,၁၅,၃၅,အသီးအနှံ၊ အချက်အပြုတ်ပါဝင်ပစ္စည်း,အနံ့ပြင်းသော အပူပိုင်းအသီးပင်,,,,,
TNY,53,ဒူးရင်း,သီးပင်,၅၀,၁၃၀,၃၀,များ,အပြည့်အဝ,မရ,ရ,မရ,၅,၇,၄၀၀,၂၅,၁၇၀,၁၀၀,၁၅,၃၅,အသီးအနှံ၊ အချက်အပြုတ်ပါဝင်ပစ္စည်း,အနံ့ပြင်းသော အပူပိုင်းအသီးပင်,,,,,
TNY,54,ပျဉ်းကတိုး,အပင်ကြီး,၉၈,၁၃၁,၁၅,နည်း,အပြည့်အဝ,မရ,ရ,မရ,၅,၁၂,၆၀,၄၀,၆၀,၂၀၀,၅,၄၅,အကြီးစားသစ်၊ ဆောက်လုပ်ရေး,အလွန်သိပ်သည်းမာကျောသော သစ်မာပင်,,,,,
MON,54,ပျဉ်းကတိုး,အပင်ကြီး,၉၈,၁၃၁,၁၅,နည်း,အပြည့်အဝ,မရ,ရ,မရ,၅,၁၂,၆၀,၄၀,၆၀,၂၀၀,၅,၄၅,အကြီးစားသစ်၊ ဆောက်လုပ်ရေး,အလွန်သိပ်သည်းမာကျောသော သစ်မာပင်,,,,,
RKE,54,ပျဉ်းကတိုး,အပင်ကြီး,၉၈,၁၃၁,၁၅,နည်း,အပြည့်အဝ,မရ,ရ,မရ,၅,၁၂,၆၀,၄၀,၆၀,၂၀၀,၅,၄၅,အကြီးစားသစ်၊ ဆောက်လုပ်ရေး,အလွန်သိပ်သည်းမာကျောသော သစ်မာပင်,,,,,
MDY,55,ဘောစကိုင်း,အပင်ကြီး,၁၀,၅၀,၁၅,နည်း,အပြည့်အဝ,မရ,ရ,မရ,၁,၃,၁၆,၂၀,၁၅,၃၀, -၂,၄၀,အစားအစာ၊ အစိမ်းရောင်မြေဩဇာ၊ ထင်း,အသုံးဝင်မြန်ကြီးသော သစ်ပင်,,,,,
MAG,55,ဘောစကိုင်း,အပင်ကြီး,၁၀,၅၀,၁၅,နည်း,အပြည့်အဝ,မရ,ရ,မရ,၁,၃,၁၆,၂၀,၁၅,၃၀, -၂,၄၀,အစားအစာ၊ အစိမ်းရောင်မြေဩဇာ၊ ထင်း,အသုံးဝင်မြန်ကြီးသော သစ်ပင်,,,,,
MON,56,ရာဘာ,အပင်ကြီး,၅၀,၁၃၈,၂၀,အသင့်အတင့်,အပြည့်အဝ,မရ,ရ,မရ,၅,၇,၆၄,၄၅,၃၀,၆၅,၄,၃၅,စေး၊ တာယာ၊ ရော်ဘာ ထုတ်ကုန်များ,စီးပွားဖြစ်သစ်နှစ်ထွက်ပင်,,,,,
KYN,56,ရာဘာ,အပင်ကြီး,၅၀,၁၃၈,၂၀,အသင့်အတင့်,အပြည့်အဝ,မရ,ရ,မရ,၅,၇,၆၄,၄၅,၃၀,၆၅,၄,၃၅,စေး၊ တာယာ၊ ရော်ဘာ ထုတ်ကုန်များ,စီးပွားဖြစ်သစ်နှစ်ထွက်ပင်,,,,,
TNY,56,ရာဘာ,အပင်ကြီး,၅၀,၁၃၈,၂၀,အသင့်အတင့်,အပြည့်အဝ,မရ,ရ,မရ,၅,၇,၆၄,၄၅,၃၀,၆၅,၄,၃၅,စေး၊ တာယာ၊ ရော်ဘာ ထုတ်ကုန်များ,စီးပွားဖြစ်သစ်နှစ်ထွက်ပင်,,,,,
MDY,57,ယူကလစ်,အပင်ကြီး,၃၀,၂၀၀,၂၀,နည်း,အပြည့်အဝ,မရ,ရ,မရ,၃,၅,၅၀,၇၀,၅၀,၁၅၀, -၄,၄၃,ဆီ၊ သစ်၊ စက္ကူ,အနံ့သင်းသော မြန်ကြီးသောသစ်ပင်,,,,,
SAG,57,ယူကလစ်,အပင်ကြီး,၃၀,၂၀၀,၂၀,နည်း,အပြည့်အဝ,မရ,ရ,မရ,၃,၅,၅၀,၇၀,၅၀,၁၅၀, -၄,၄၃,ဆီ၊ သစ်၊ စက္ကူ,အနံ့သင်းသော မြန်ကြီးသောသစ်ပင်,,,,,
SHN_S,57,ယူကလစ်,အပင်ကြီး,၃၀,၂၀၀,၂၀,နည်း,အပြည့်အဝ,မရ,ရ,မရ,၃,၅,၅၀,၇၀,၅၀,၁၅၀, -၄,၄၃,ဆီ၊ သစ်၊ စက္ကူ,အနံ့သင်းသော မြန်ကြီးသောသစ်ပင်,,,,,
MAG,58,သနပ်ခါး,အပင်ကြီး,၁၀,၃၀,၄,နည်း,အပြည့်အဝ,မရ,ရ,မရ,၃ ,၃၅,၅၀,၁၅,၁၅,၄၀,၁၀,၃၈,အလှကုန်၊ အသားအရေထိန်းသိမ်းမှု,အသားအရေထိန်းသိမ်းရေးတွင် ရိုးရာသုံးအခေါက်ပင်,,,,,
YGN,58,သနပ်ခါး,အပင်ကြီး,၁၀,၃၀,၄,နည်း,အပြည့်အဝ,မရ,ရ,မရ,၃ ,၃၅,၅၀,၁၅,၁၅,၄၀,၁၀,၃၈,အလှကုန်၊ အသားအရေထိန်းသိမ်းမှု,အသားအရေထိန်းသိမ်းရေးတွင် ရိုးရာသုံးအခေါက်ပင်,,,,,
SAG,58,သနပ်ခါး,အပင်ကြီး,၁၀,၃၀,၄,နည်း,အပြည့်အဝ,မရ,ရ,မရ,၃ ,၃၅,၅၀,၁၅,၁၅,၄၀,၁၀,၃၈,အလှကုန်၊ အသားအရေထိန်းသိမ်းမှု,အသားအရေထိန်းသိမ်းရေးတွင် ရိုးရာသုံးအခေါက်ပင်,,,,,
MDY,58,သနပ်ခါး,အပင်ကြီး,၁၀,၃၀,၄,နည်း,အပြည့်အဝ,မရ,ရ,မရ,၃ ,၃၅,၅၀,၁၅,၁၅,၄၀,၁၀,၃၈,အလှကုန်၊ အသားအရေထိန်းသိမ်းမှု,အသားအရေထိန်းသိမ်းရေးတွင် ရိုးရာသုံးအခေါက်ပင်,,,,,
RKE,59,အင်ကြင်း,အပင်ကြီး,၅၀,၁၀၀,၂၀,နည်း,အပြည့်အဝ,မရ,ရ,မရ,၆,၁၀,၈၀,၄၅,၄၀,၂၀၀,၇,၄၃,သစ်၊ သစ်စေး၊ tanning,ခံနိုင်ရည်ရှိ သစ်ကိုင်းထွက်သော သစ်မာပင်,,,,,
CHN,59,အင်ကြင်း,အပင်ကြီး,၅၀,၁၀၀,၂၀,နည်း,အပြည့်အဝ,မရ,ရ,မရ,၆,၁၀,၈၀,၄၅,၄၀,၂၀၀,၇,၄၃,သစ်၊ သစ်စေး၊ tanning,ခံနိုင်ရည်ရှိ သစ်ကိုင်းထွက်သော သစ်မာပင်,,,,,
SHN_S,59,အင်ကြင်း,အပင်ကြီး,၅၀,၁၀၀,၂၀,နည်း,အပြည့်အဝ,မရ,ရ,မရ,၆,၁၀,၈၀,၄၅,၄၀,၂၀၀,၇,၄၃,သစ်၊ သစ်စေး၊ tanning,ခံနိုင်ရည်ရှိ သစ်ကိုင်းထွက်သော သစ်မာပင်,,,,,
RKE,60,ဗံဒါပင်,အပင်ကြီး,၃၀,၁၀၀,၂၀,နည်း,အပြည့်အဝ,မရ,ရ,မရ,၃,၅,၈၀,၃၅,၂၅,၆၀,၄,၄၀,အခွံမာသီး၊ ဆီ၊ သစ်,ကမ်းရိုးတန်းဒေသထွက်အခွံမာသီးပင်,,,,,
TNY,60,ဗံဒါပင်,အပင်ကြီး,၃၀,၁၀၀,၂၀,နည်း,အပြည့်အဝ,မရ,ရ,မရ,၃,၅,၈၀,၃၅,၂၅,၆၀,၄,၄၀,အခွံမာသီး၊ ဆီ၊ သစ်,ကမ်းရိုးတန်းဒေသထွက်အခွံမာသီးပင်,,,,,
AYY,61,လီမွန်,သီးပင်,၆,၂၀,၄,အသင့်အတင့်,အပြည့်အဝ,ရ,ရ,ရ,၂,၅ ,၂၅,၃၅,၈,၇၅,၀,၃၅,သစ်သီး၊ ဖျော်ရည်၊ essential oil,အချဉ်သံပယိုပင်,,,,,
BGO,61,လီမွန်,သီးပင်,၆,၂၀,၄,အသင့်အတင့်,အပြည့်အဝ,ရ,ရ,ရ,၂,၅ ,၂၅,၃၅,၈,၇၅,၀,၃၅,သစ်သီး၊ ဖျော်ရည်၊ essential oil,အချဉ်သံပယိုပင်,,,,,
SHN_S,61,လီမွန်,သီးပင်,၆,၂၀,၄,အသင့်အတင့်,အပြည့်အဝ,ရ,ရ,ရ,၂,၅ ,၂၅,၃၅,၈,၇၅,၀,၃၅,သစ်သီး၊ ဖျော်ရည်၊ essential oil,အချဉ်သံပယိုပင်,,,,,
YGN,61,လီမွန်,သီးပင်,၆,၂၀,၄,အသင့်အတင့်,အပြည့်အဝ,ရ,ရ,ရ,၂,၅ ,၂၅,၃၅,၈,၇၅,၀,၃၅,သစ်သီး၊ ဖျော်ရည်၊ essential oil,အချဉ်သံပယိုပင်,,,,,
YGN,62,ထီပေါက်ပင်,အပင်ကြီး,၃,၆၀,၃,နည်း,အသင့်အတင့်,ရ,ရ,ရ,၂,၄,၈၀,၁၀,၄,၅၀,၇,၃၈,တန်ဆာဆင်,ခေတ်ပေါ်အလှစိုက်အပင်,,,,,
MDY,62,ထီပေါက်ပင်,အပင်ကြီး,၃,၆၀,၃,နည်း,အသင့်အတင့်,ရ,ရ,ရ,၂,၄,၈၀,၁၀,၄,၅၀,၇,၃၈,တန်ဆာဆင်,ခေတ်ပေါ်အလှစိုက်အပင်,,,,,
YGN,63,ဗောဓိပင်,အပင်ကြီး,၃,၁၀၀,၁၃,နည်း,အပြည့်အဝ,မရ,ရ,ရ,၅,၈,၁၀၀,၄၅,၃၅,၈၀၀,၄,၄၃,အရိပ်၊ ဘာသာရေး၊ ဆေးဖက်ဝင်,ထင်ရှားသော နှလုံးပုံအရွက်ရှိသည့် မြင့်မြတ်သောပင်,,,,,
BGO,63,ဗောဓိပင်,အပင်ကြီး,၃,၁၀၀,၁၄,နည်း,အပြည့်အဝ,မရ,ရ,ရ,၅,၈,၁၀၀,၄၅,၃၅,၈၀၀,၄,၄၃,အရိပ်၊ ဘာသာရေး၊ ဆေးဖက်ဝင်,ထင်ရှားသော နှလုံးပုံအရွက်ရှိသည့် မြင့်မြတ်သောပင်,,,,,
MDY,63,ဗောဓိပင်,အပင်ကြီး,၃,၁၀၀,၁၅,နည်း,အပြည့်အဝ,မရ,ရ,ရ,၅,၈,၁၀၀,၄၅,၃၅,၈၀၀,၄,၄၃,အရိပ်၊ ဘာသာရေး၊ ဆေးဖက်ဝင်,ထင်ရှားသော နှလုံးပုံအရွက်ရှိသည့် မြင့်မြတ်သောပင်,,,,,
MON,63,ဗောဓိပင်,အပင်ကြီး,၃,၁၀၀,၁၆,နည်း,အပြည့်အဝ,မရ,ရ,ရ,၅,၈,၁၀၀,၄၅,၃၅,၈၀၀,၄,၄၃,အရိပ်၊ ဘာသာရေး၊ ဆေးဖက်ဝင်,ထင်ရှားသော နှလုံးပုံအရွက်ရှိသည့် မြင့်မြတ်သောပင်,,,,,
AYY,64,လမုပင်,သီးပင်,၁၀,၅၀,၂၀,နည်း,အသင့်အတင့်,မရ,ရ,မရ,၃,၆,၈၀,၄၅,၃၅,၉၀,၁၀,၃၈,မြေဆီလွှာတည်ငြိမ်စေခြင်း၊ ရေသန့်စင်ခြင်း။,ရေစပ်ကာကွယ်ပေးသောအပင်,,,,,
MON,64,လမုပင်,သီးပင်,၁၀,၅०,၂၀,နည်း,အသင့်အတင့်,မရ,ရ,မရ,၃,၆,၈၀,၄၅,၃၅,၉၀,၁၀,၃၈,မြေဆီလွှာတည်ငြိမ်စေခြင်း၊ ရေသန့်စင်ခြင်း။,ရေစပ်ကာကွယ်ပေးသောအပင်,,,,,
YGN,65,သစ်ခွ,ပန်းပွင့်,၁၅,၃၅,၁၅,အသင့်အတင့်,အပြည့်အဝ,မရ,ရ,ရ,၀.၅,၂,၄၀,၂၀,၂၈,၃၅, - ၂,၄၂,အလှတန်းဆောင်၊ တိရစ္ဆာန်အစာအဖြစ်၊ ဆေးဖက်ဝင်,ပန်းပွင့်လှပသောအပင်,,,,,
MDY,65,သစ်ခွ,ပန်းပွင့်,၁၅,၃၅,၁၅,အသင့်အတင့်,အပြည့်အဝ,မရ,ရ,ရ,၀.၅,၂,၄၀,၂၀,၂၈,၃၅, - ၂,၄၂,အလှတန်းဆောင်၊ တိရစ္ဆာန်အစာအဖြစ်၊ ဆေးဖက်ဝင်,ပန်းပွင့်လှပသောအပင်,,,,,
BGO,65,သစ်ခွ,ပန်းပွင့်,၁၅,၃၅,၁၅,အသင့်အတင့်,အပြည့်အဝ,မရ,ရ,ရ,၀.၅,၂,၄၀,၂၀,၂၈,၃၅, - ၂,၄၂,အလှတန်းဆောင်၊ တိရစ္ဆာန်အစာအဖြစ်၊ ဆေးဖက်ဝင်,ပန်းပွင့်လှပသောအပင်,,,,,
MDY,66,ငုဝါပင်,ပန်းပွင့်,၃၀,၅၀,၁၅,နည်း,အပြည့်အဝ,မရ,ရ,မရ,၁,၂,၄၀,၂၀,၂၈,၅၀,၅,၄၅,အလှတန်းဆောင်,အဝါရောင်တောက်သော ပန်းပွင့်ပင်,,,,,
SAG,66,ငုဝါပင်,ပန်းပွင့်,၃০,၅०,၁၅,နည်း,အပြည့်အဝ,မရ,ရ,မရ,၁,၂,၄၀,၂၀,၂၈,၅၀,၅,၄၅,အလှတန်းဆောင်,အဝါရောင်တောက်သော ပန်းပွင့်ပင်,,,,,
MAG,66,ငုဝါပင်,ပန်းပွင့်,၃০,၅০,၁၅,နည်း,အပြည့်အဝ,မရ,ရ,မရ,၁,၂,၄၀,၂၀,၂၈,၅၀,၅,၄၅,အလှတန်းဆောင်,အဝါရောင်တောက်သော ပန်းပွင့်ပင်,,,,,
MAG,67,ထနောင်း,အပင်ကြီး,၄၀,၇၀,၂,နည်း,အပြည့်အဝ,မရ,ရ,မရ,၃,၆,၆၀,၃၅,၄၀,၈၀၀,၁၀,၄၂,လောင်စာထင်း၊ မီးသွေး၊ ပရိဘောဂ၊ ဆိုးဆေး,သေသိပ်မာကျောသော သစ်မာပင်,,,,,
MDY,67,ထနောင်း,အပင်ကြီး,၄၀,၇၀,၂,နည်း,အပြည့်အဝ,မရ,ရ,မရ,၃,၆,၆၀,၃၅,၄၀,၈၀၀,၁၀,၄၂,လောင်စာထင်း၊ မီးသွေး၊ ပရိဘောဂ၊ ဆိုးဆေး,သေသိပ်မာကျောသော သစ်မာပင်,,,,,
MAG,68,ဇီးပင်,သီးပင်,၁၀,၂၀,၄,အသင့်အတင့်,အပြည့်အဝ,မရ,ရ,ရ,၃,၆,၂၀,၂၀,၂၂,၁၇, -၂၅,၃၈,အသီး၊ ယိုဘူး,အရည်ရွှမ်းသော ဆီးသီးပင်,,,,,
SAG,68,ဇီးပင်,သီးပင်,၁၀,၂၀,၄,အသင့်အတင့်,အပြည့်အဝ,မရ,ရ,ရ,၃,၆,၂၀,၂၀,၂၂,၁၇, -၂၅,၃၈,အသီး၊ ယိုဘူး,အရည်ရွှမ်းသော ဆီးသီးပင်,,,,,
MDY,68,ဇီးပင်,သီးပင်,၁၀,၂၀,၄,အသင့်အတင့်,အပြည့်အဝ,မရ,ရ,ရ,၃,၆,၂၀,၂၀,၂၂,၁၇, -၂၅,၃၈,အသီး၊ ယိုဘူး,အရည်ရွှမ်းသော ဆီးသီးပင်,,,,,
MAG,69,ထန်းပင်,အပင်ကြီး,၄၀,၁၀၀,၁၅,နည်း,အပြည့်အဝ,မရ,ရ,မရ,၇,၁၂,၅၀,၄၀,၅၀,၁၀၀,၁၀,၄၈,စားသုံးနိုင်သောအသီး၊ ဆီ၊ ထန်းမိုးရွက်,အမြင့် အပူပိုင်းဒေသ အသုံးဝင်ပင်,,,,,
SAG,69,ထန်းပင်,အပင်ကြီး,၄০,၁၀၀,၁၅,နည်း,အပြည့်အဝ,မရ,ရ,မရ,၇,၁၂,၅၀,၄၀,၅၀,၁၀၀,၁၀,၄၈,စားသုံးနိုင်သောအသီး၊ ဆီ၊ ထန်းမိုးရွက်,အမြင့် အပူပိုင်းဒေသ အသုံးဝင်ပင်,,,,,
MDY,69,ထန်းပင်,အပင်ကြီး,၄၀,၁၀၀,၁၅,နည်း,အပြည့်အဝ,မရ,ရ,မရ,7,12,50,40,50,100,10,48,"edible fruit, oil, thatch",Tall tropical multipurpose tree,,,,,
YGN,71,ကြောင်မြီးပန်း,ဟင်းသီးဟင်းရွက်,၅,၁၀,၂,နည်း,အပြည့်အဝ,မရ,ရ,မရ,၀.၅,၁,၅,၂၀,၆၀,၁,-၁၀,၃၅,"ရေဆိုးသန့်စင်ခြင်း၊ ရက်လုပ်ခြင်း, weaving",ရေဝပ်ဒေသတွင်ပေါက်ရောက်ပြီး သတ္တုဓာတ်များကို စုပ်ယူပေးသော အပင်။,,,,,
AYY,71,ကြောင်မြီးပန်း,ဟင်းသီးဟင်းရွက်,၅,၁၀,၂,နည်း,အပြည့်အဝ,မရ,ရ,မရ,၀.၅,၁,၅,၂၀,၃,၁,-၁၀,၃၅,ရေဆိုးသန့်စင်ခြင်း၊ ရက်လုပ်ခြင်း,ရေဝပ်ဒေသတွင်ပေါက်ရောက်ပြီး သတ္တုဓာတ်များကို စုပ်ယူပေးသော အပင်။,,,,,
SAG,72,ညမွှေးပန်း,ပန်းပွင့်,၆,၁၃,၂,အသင့်အတင့်,အသင့်အတင့်,မရ,ရ,ရ,၁,၃,၁၀,၅,၃,၁,၁၀,၃၅,အလှဆင်၊ ဆေးဖက်ဝင်,ညဘက်တွင် အလွန်မွှေးပျံ့သော်လည်း အဆိပ်ရှိသော အယ်လ်ကာလွိုက်များ ပါဝင်သည်။,,,,,
MDY,72,ညမွှေးပန်း,ပန်းပွင့်,၇,၁၄,၂,အသင့်အတင့်,အသင့်အတင့်,မရ,ရ,ရ,၂,၄,၁၁,၅,၃,၁၈,၁၀,၄၀,အလှဆင်၊ ဆေးဖက်ဝင်,ညဘက်တွင် အလွန်မွှေးပျံ့သော်လည်း အဆိပ်ရှိသော အယ်လ်ကာလွိုက်များ ပါဝင်သည်။,,,,,
BGO,73,စက္ကူပန်း,ပန်းပွင့်,၃,၄၀,၂,နည်း,အပြည့်အဝ,မရ,ရ,ရ,၂,၅,၁၅,၁၅,၁၁,၂၅,၅,၄၀,အလှဆင်၊ လေထုညစ်ညမ်းမှု လျှော့ချခြင်း,မိုးခေါင်ဒဏ်ခံနိုင်၊ အရောင်တောက်ပပြီး မြို့ပြဖုန်မှုန့်များကို စုပ်ယူသည်။,,,,,
YGN,73,စက္ကူပန်း,ပန်းပွင့်,၃,၄၀,၂,နည်း,အပြည့်အဝ,မရ,ရ,ရ,၂,၅,၁၅,၁၅,၁၁,၂၅,၅,၄၀,အလှဆင်၊ လေထုညစ်ညမ်းမှု လျှော့ချခြင်း,မိုးခေါင်ဒဏ်ခံနိုင်၊ အရောင်တောက်ပပြီး မြို့ပြဖုန်မှုန့်များကို စုပ်ယူသည်။,,,,,
TNY,74,ကံ့ကော်,ပန်းပွင့်,၁,၁၀၀,၂၀,နည်း,အသင့်အတင့်,မရ,ရ,မရ,၁၀,၂၀,၆၀,၁၀၀,၃၅,၁၅၀,၁၅,၃၅,သစ်၊ ဘာသာရေး၊ ဆေးဖက်ဝင်,အလွန်မာကျောသော သစ်သားရှိပြီး ဘာသာရေးအရ အရေးပါသော အပင်။,,,,,
MON,74,ကံ့ကော်,ပန်းပွင့်,၁,၁၀၀,၂၀,နည်း,အသင့်အတင့်,မရ,ရ,မရ,၁၀,၂၀,၆၀,၁၀၀,၃၅,၁၅၀,၁၅,၃၅,သစ်၊ ဘာသာရေး၊ ဆေးဖက်ဝင်,အလွန်မာကျောသော သစ်သားရှိပြီး ဘာသာရေးအရ အရေးပါသော အပင်။,,,,,
AYY,75,သပြေ,ပန်းပွင့်,၄၀,၁၀၀,၂၀,နည်း,အပြည့်အဝ,မရ,ရ,မရ,၅,၁၂,၅၀,၄၀,၃၅,၆၀,၁၀,၃၅,အခမ်းအနားသုံး၊ သစ်,အောင်ပွဲအခမ်းအနားများတွင် သုံးသော အရွက်၊ ရေဝပ်ဒဏ်ခံနိုင်သည်။,,,,,
YGN,76,လေးနာရီပန်း,ပန်းပွင့်,၂,၃,၂,နည်း,အပြည့်အဝ,မရ,ရ,ရ,၀.၅,၁,၃,၂,၂,၁,၅,၃၅,အလှဆင်၊ မျိုးရိုးဗီဇလေ့လာမှု,ညနေခင်းတွင် ပွင့်သောပန်း၊ ဥရှိသော အမြစ်ပါရှိသည်။,,,,,
MDY,76,လေးနာရီပန်း,ပန်းပွင့်,၂,၃,၂,နည်း,အပြည့်အဝ,မရ,ရ,ရ,၀.၅,၁,၃,၂,၂,၁,၅,၃၅,အလှဆင်၊ မျိုးရိုးဗီဇလေ့လာမှု,ညနေခင်းတွင် ပွင့်သောပန်း၊ ဥရှိသော အမြစ်ပါရှိသည်။,,,,,
MON,77,နိဗ္ဗာန်ကြာ,ပန်းပွင့်,၁၀,၃၀,၂,အသင့်အတင့်,အသင့်အတင့်,မရ,ရ,မရ,၄,၈,၃၀,၁၅,၁၀,၄၀,၅,၃၅,အလှဆင်,ထူးခြားသော ပန်းပွင့်များရှိသည့် အမြဲစိမ်းပင်။,,,,,
KYN,77,နိဗ္ဗာန်ကြာ,ပန်းပွင့်,၁၀,၃၀,၂,အသင့်အတင့်,အသင့်အတင့်,မရ,ရ,မရ,၄,၈,၃၀,၅,၁၀,၄၀,၅,၃၅,အလှဆင်,ထူးခြားသော ပန်းပွင့်များရှိသည့် အမြဲစိမ်းပင်။,,,,,
RKE,78,ဆင်နားရွက် ပိန်း,ဟင်းသီးဟင်းရွက်,၃,၆,၄,အသင့်အတင့်,အသင့်အတင့်,မရ,ရ,မရ,၀.၅,၁,၅,၅,၇,၁,၁၀,၃၅,အစားအစာထုပ်ပိုး၊ တိရစ္ဆာန်အစာ,အရွက်ကြီးမားပြီး စိုစွတ်သောနေရာတွင် ပေါက်ရောက်သည်။,,,,,
MDY,79,မုလေးပန်း / ကစ်စ်မီ,ပန်းပွင့်,၁,၃,၂,နည်း,အပြည့်အဝ,ရ,ရ,ရ,၀.၂,၀.၅,၂,၁,၁,၁,၅,၃၂,အလှဆင်၊ မြေထိန်းပင်,မိုးခေါင်ဒဏ် အလွန်ခံနိုင်သော အရည်ရွှမ်းအပင်ငယ် (Portulaca မျိုးရင်း)။,,,,,
YGN,79,မုလေးပန်း / ကစ်စ်မီ,ပန်းပွင့်,၁,၃,၂,နည်း,အပြည့်အဝ,ရ,ရ,ရ,၀.၂,၀.၅,၂,၁,၁,၁,၅,၃၂,အလှဆင်၊ မြေထိန်းပင်,မိုးခေါင်ဒဏ် အလွန်ခံနိုင်သော အရည်ရွှမ်းအပင်ငယ် (Portulaca မျိုးရင်း)။,,,,,
BGO,80,စင်ဒရဲလားပန်း,ပန်းပွင့်,၁,၃,၂,နည်း,အပြည့်အဝ,မရ,ရ,ရ,၀.၅,၁,၂,၂,၂,၁,၁၀,၃၅,အလှဆင်,မြေပြန့်တွင်တွေ့ရလေ့ရှိသော တောက်ပသည့် ပေါင်းပင်/ပန်းပင်ငယ်။,,,,,
YGN,80,စင်ဒရဲလားပန်း,ပန်းပွင့်,၁,၃,၂,နည်း,အပြည့်အဝ,မရ,ရ,ရ,၀.၅,၁,၂,၂,၂,၁,၁၀,၃၅,အလှဆင်,မြေပြန့်တွင်တွေ့ရလေ့ရှိသော တောက်ပသည့် ပေါင်းပင်/ပန်းပင်ငယ်။,,,,,
MDY,81,ရွှေချည်ငွေချည်,ပန်းပွင့်,၁၅,၃၀,၂,အသင့်အတင့်,အပြည့်အဝ,မရ,ရ,မရ,၃,၇,၂၅,၂၀,၁၄,၄၀,၁၅,၃၈,အလှဆင်,အဝါရောင်ပန်းခိုင်ကျသော အပင် (ငုရွှေဝါနှင့် မတူပါ)။,,,,,
AYY,82,ရေဝါး,ဟင်းသီးဟင်းရွက်,၂,၄,၄,နည်း,အသင့်အတင့်,ရ,ရ,ရ,၀.၅,၁,၃,၂၀,၁၄,၁,၅,၃၂,တိရစ္ဆာန်အစာ၊ မြေထိန်းသိမ်းခြင်း,မြစ်ကမ်းပါးတွင် ဖြစ်ထွန်းပြီး အဆစ်များပါသော ပင်စည်ရှိသည်။,,,,,
YGN,83,စင်ကာပူဗာဒံ,အပင်ကြီး,၂၀,၅၀,၁၃,နည်း,အပြည့်အဝ,မရ,ရ,မရ,၃,၆,၄၀,၂၀,၁၄,၅၀,၁၅,၃၅,အရိပ်ရ၊ အလှဆင်,လမ်းဘေးတွင် စိုက်ပျိုးလေ့ရှိသော အပင် (Melastoma သို့မဟုတ် Terminalia မျိုးကွဲ)။,,,,,
TNY,84,ငရုတ်ကောင်း,သီးပင်,၁၀,၂၀,၂,များ,အသင့်အတင့်,မရ,ရ,ရ,၃,၄,၁၀,၁၀,၇,၂၀,၁၈,၃၂,ဟင်းခတ်အမွှေးအကြိုင်၊ ဆေးဖက်ဝ,အသီးကို အစပ်အရသာ ဟင်းခတ်အဖြစ်သုံးသည်၊ ကင်ဆာကာကွယ်သော အာနိသင်ရှိသည်။,,,,,
BGO,85,ပိန်း,သီးပင်,၂,၅,၄,အသင့်အတင့်,အသင့်အတင့်,မရ,ရ,မရ,၀.၅,၁,၄,၁၅,၈,၁,၁၀,၃၅,အစားအစာ (ဥ)၊ ကလေးအစာ,ကစီဓာတ် အလွယ်တကူကြေပျက်နိုင်သည်၊ အဆိပ်အတောက် (Oxalate) ပြေစေရန် ချက်ပြုတ်စားရမည်။,,,,,
KCH,85,ပိန်း,သီးပင်,၂,၅,၄,အသင့်အတင့်,အသင့်အတင့်,မရ,ရ,မရ,၀.၅,၁,၄,၁၅,၈,၁,၁၀,၃၅,အစားအစာ (ဥ)၊ ကလေးအစာ,ကစီဓာတ် အလွယ်တကူကြေပျက်နိုင်သည်၊ အဆိပ်အတောက် (Oxalate) ပြေစေရန် ချက်ပြုတ်စားရမည်။,,,,,
SAG,85,ပိန်း,သီးပင်,၂,၅,၄,အသင့်အတင့်,အသင့်အတင့်,မရ,ရ,မရ,၀.၅,၁,၄,၁၅,၈,၁,၁၀,၃၅,အစားအစာ (ဥ)၊ ကလေးအစာ,ကစီဓာတ် အလွယ်တကူကြေပျက်နိုင်သည်၊ အဆိပ်အတောက် (Oxalate) ပြေစေရန် ချက်ပြုတ်စားရမည်။,,,,,
MDY,86,ရှားစောင်းလက်ပပ်,သီးပင်,၁,၃,၂,နည်း,အပြည့်အဝ,ရ,ရ,ရ,၁,၂,၃,၅,၃,၁,၅,၃၅,အသုပ်၊ ဂျယ်၊ ဆေးဝါး,ကိုယ်ခံစွမ်းအားကို ထိန်းညှိပေးသည်၊ ဂျယ်သည် အသည်းအင်ဇိုင်းကို လျော့ကျစေသည်။,,,,,
YGN,86,ရှားစောင်းလက်ပပ်,သီးပင်,၁,၃,၂,နည်း,အပြည့်အဝ,ရ,ရ,ရ,၁,၂,၃,၅,၃,၁,၅,၃၅,အသုပ်၊ ဂျယ်၊ ဆေးဝါး,ကိုယ်ခံစွမ်းအားကို ထိန်းညှိပေးသည်၊ ဂျယ်သည် အသည်းအင်ဇိုင်းကို လျော့ကျစေသည်။,,,,,
MON,87,စပါးလင်,ဟင်းသီးဟင်းရွက်,၂,၅,၂,နည်း,အပြည့်အဝ,မရ,ရ,ရ,၀.၃,၀.၆,၃,၁၅,၁၀,၁,၁၀,၃၅,ဟင်းခတ်၊ ဆီ,စပါးလင်ဆီ (Citronella oil) သည် ဘက်တီးရီးယားနှင့် ဓာတ်တိုးဆန့်ကျင်အာနိသင်ရှိသည်။,,,,,
SHN_S,88,မယ်ဇလီ,ဟင်းသီးဟင်းရွက်,၃၂,၃၀,၂,နည်း,အပြည့်အဝ,မရ,ရ,မရ,၃,၅,၃၀,၃၀,၂၁,၄၀,၁၂,၃၆,အသုပ် (အဖူး)၊ လောင်စာ,အဖူးလတ်လတ်ဆတ်ဆတ်ကို ပြုတ်၍ သုပ်စားကြသည်၊ ပိုးမွှားသေစေသော အာနိသင်ရှိသည်။,,,,,
KCH,89,ပင်စိမ်းသီး,ဟင်းသီးဟင်းရွက်,၆.၅,၁၀,၂,အသင့်အတင့်,အပြည့်အဝ,မရ,ရ,မရ,၄,၈,၃၅,၃၀,၁၈,၄၀,၅,၃၀,အချဉ် ဟင်းခတ်,အသီးကို အချဉ်အရသာ ဟင်းခတ်အဖြစ်သုံးသည်၊ ဓာတ်တိုးဆန့်ကျင်အာနိသင်ရှိသည်။,,,,,
CHN,89,ပင်စိမ်းသီး,ဟင်းသီးဟင်းရွက်,၆.၅,၁၀,၂,အသင့်အတင့်,အပြည့်အဝ,မရ,ရ,မရ,၄,၈,၃၅,၃၀,၁၈,၅၀,၅,၃၀,အချဉ် ဟင်းခတ်,အသီးကို အချဉ်အရသာ ဟင်းခတ်အဖြစ်သုံးသည်၊ ဓာတ်တိုးဆန့်ကျင်အာနိသင်ရှိသည်။,,,,,
SHN_S,89,ပင်စိမ်းသီး,ဟင်းသီးဟင်းရွက်,၆.၅,၁၀,၂,အသင့်အတင့်,အပြည့်အဝ,မရ,ရ,မရ,၄,၈,၃၅,၃၀,၁၈,၅၀,၅,၃၀,အချဉ် ဟင်းခတ်,အသီးကို အချဉ်အရသာ ဟင်းခတ်အဖြစ်သုံးသည်၊ ဓာတ်တိုးဆန့်ကျင်အာနိသင်ရှိသည်။,,,,,
BGO,90,ပိန္နဲသီး,သီးပင်,၃၀,၇၀,၂၀,နည်း,အပြည့်အဝ,မရ,ရ,မရ,၃,၆,၆၀,၅၀,၃၅,၈၀,၁၀,၃၈,အသီး၊ သစ်,အပင်ပေါ်တွင်သီးသော အကြီးဆုံးအသီး၊ ဘက်တီးရီးယားသေစေသော အာနိသင်ရှိသည်။,,,,,
YGN,90,ပိန္နဲသီး,သီးပင်,၃၀,၇၀,၂၀,နည်း,အပြည့်အဝ,မရ,ရ,မရ,၃,၆,၆၀,၅၀,၃၅,၈၀,၁၀,၃၈,အသီး၊ သစ်,အပင်ပေါ်တွင်သီးသော အကြီးဆုံးအသီး၊ ဘက်တီးရီးယားသေစေသော အာနိသင်ရှိသည်။,,,,,
MON,90,ပိန္နဲသီး,သီးပင်,၃၀,၇၀,၂၀,နည်း,အပြည့်အဝ,မရ,ရ,မရ,၃,၆,၆၀,၅၀,၃၅,၈၀,၁၀,၃၈,အသီး၊ သစ်,အပင်ပေါ်တွင်သီးသော အကြီးဆုံးအသီး၊ ဘက်တီးရီးယားသေစေသော အာနိသင်ရှိသည်။,,,,,
SAG,91,ဇီးဖြူသီး,သီးပင်,၁၀,၇၅,၁၃,နည်း,အပြည့်အဝ,မရ,ရ,မရ,၃,၆,၂၅,၂၀,၁၄,၃၅,၅,၄၀,အချဉ်အရသာ၊ ဗီတာမင် C,ဗီတာမင် C မြင့်မားစွာ (610mg/100g) ပါဝင်သည်၊ အသုပ်ထဲတွင် ထည့်စားကြသည်။,,,,,
MDY,91,ဇီးဖြူသီး,သီးပင်,၁၀,၇၅,၁၃,နည်း,အပြည့်အဝ,မရ,ရ,မရ,၃,၅,၂၅,၂၀,၁၄,၃၅,၅,၄၀,အချဉ်အရသာ၊ ဗီတာမင် C,ဗီတာမင် C မြင့်မားစွာ (610mg/100g) ပါဝင်သည်၊ အသုပ်ထဲတွင် ထည့်စားကြသည်။,,,,,
MAG,91,ဇီးဖြူသီး,သီးပင်,၁၀,၇၅,၁၃,နည်း,အပြည့်အဝ,မရ,ရ,မရ,၃,၅,၂၅,၂၀,၁၄,၃၅,၅,၄၀,အချဉ်အရသာ၊ ဗီတာမင် C,ဗီတာမင် C မြင့်မားစွာ (610mg/100g) ပါဝင်သည်၊ အသုပ်ထဲတွင် ထည့်စားကြသည်။,,,,,
BGO,92,သရက်ပင်,သီးပင်,၃၂,၆၄,၂၀,အသင့်အတင့်,အပြည့်အဝ,မရ,ရ,မရ,၄,၈,၆၀,၄၅,၂၈,၇၅,၅,၄၅,အသုပ်၊ သနပ်၊ အသီး,ဓာတ်တိုးဆန့်ကျင်၊ ဗိုင်းရပ်စ်ကာကွယ်ခြင်းနှင့် ဝမ်းပျက်ဝမ်းလျှော သက်သာစေသော အာနိသင်ရှိသည်။,,,,,
MAG,92,သရက်ပင်,သီးပင်,၃၂,၆၄,၂၀,အသင့်အတင့်,အပြည့်အဝ,မရ,ရ,မရ,၄,၈,၆၀,၄၅,၂၈,၇၅,၅,၄၅,အသုပ်၊ သနပ်၊ အသီး,ဓာတ်တိုးဆန့်ကျင်၊ ဗိုင်းရပ်စ်ကာကွယ်ခြင်းနှင့် ဝမ်းပျက်ဝမ်းလျှော သက်သာစေသော အာနိသင်ရှိသည်။,,,,,
MDY,92,သရက်ပင်,သီးပင်,၃၂,၆၄,၂၀,အသင့်အတင့်,အပြည့်အဝ,မရ,ရ,မရ,၄,၈,၆၀,၄၅,၂၈,၇၅,၅,၄၅,အသုပ်၊ သနပ်၊ အသီး,ဓာတ်တိုးဆန့်ကျင်၊ ဗိုင်းရပ်စ်ကာကွယ်ခြင်းနှင့် ဝမ်းပျက်ဝမ်းလျှော သက်သာစေသော အာနိသင်ရှိသည်။,,,,,
YGN,92,သရက်ပင်,သီးပင်,၃၂,၆၄,၂၀,အသင့်အတင့်,အပြည့်အဝ,မရ,ရ,မရ,၄,၈,၆၀,၄၅,၂၈,၇၅,၅,၄၅,အသုပ်၊ သနပ်၊ အသီး,ဓာတ်တိုးဆန့်ကျင်၊ ဗိုင်းရပ်စ်ကာကွယ်ခြင်းနှင့် ဝမ်းပျက်ဝမ်းလျှော သက်သာစေသော အာနိသင်ရှိသည်။,,,,,
MDY,93,ငြိမ်းချမ်းရေးနှင်းပန်း,ပန်းပွင့်,၁,၃,၀.၅,အသင့်အတင့်,အသင့်အတင့်,ရ,ရ,ရ,၀.၅,၁,၂,၀.၁၈,၀.၂၂,၅,၁၈,၃၀,လေသန့်စင်ခြင်း၊ အလှဆင်,အိမ်တွင်းအလှစိုက်ပန်း၊ အလင်းနည်းနည်းဖြင့် ရှင်သန်နိုင်ပြီး လေထုအဆိပ်အတောက်ကို ဖယ်ရှားပေးသည်။,,,,,
MAG,93,ငြိမ်းချမ်းရေးနှင်းပန်း,ပန်းပွင့်,၁,၃,၀.၅,အသင့်အတင့်,အသင့်အတင့်,ရ,ရ,ရ,၀.၅,၁,၂,၀.၁၈,၀.၂၂,၅,၁၈,၃၀,လေသန့်စင်ခြင်း၊ အလှဆင်,အိမ်တွင်းအလှစိုက်ပန်း၊ အလင်းနည်းနည်းဖြင့် ရှင်သန်နိုင်ပြီး လေထုအဆိပ်အတောက်ကို ဖယ်ရှားပေးသည်။,,,,,
SAG,93,ငြိမ်းချမ်းရေးနှင်းပန်း,ပန်းပွင့်,၁,၃,၀.၅,အသင့်အတင့်,အသင့်အတင့်,ရ,ရ,ရ,၀.၅,၁,၂,၀.၁၈,၀.၂၂,၅,၁၈,၃၀,လေသန့်စင်ခြင်း၊ အလှဆင်,အိမ်တွင်းအလှစိုက်ပန်း၊ အလင်းနည်းနည်းဖြင့် ရှင်သန်နိုင်ပြီး လေထုအဆိပ်အတောက်ကို ဖယ်ရှားပေးသည်။,,,,,
MDY,94,စံပယ်,ပန်းပွင့်,၂,၄,၁,နည်း,အပြည့်အဝ,ရ,ရ,ရ,၁,၂,၂,၀.၃,၀.၄,၁၀,၁၅,၃၂,ရနံ့ကုထုံး၊ အလှဆင်,မွှေးပျံ့သော အိမ်တွင်းစိုက်ပန်း၊ အိုးဖြင့်စိုက်ပျိုးနိုင်ပြီး နေရောင်ကို ကြိုက်သည်။,,,,,
YGN,94,စံပယ်,ပန်းပွင့်,၂,၄,၁,နည်း,အပြည့်အဝ,ရ,ရ,ရ,၁,၂,၂,၀.၃,၀.၄,၁၀,၁၅,၃၂,ရနံ့ကုထုံး၊ အလှဆင်,မွှေးပျံ့သော အိမ်တွင်းစိုက်ပန်း၊ အိုးဖြင့်စိုက်ပျိုးနိုင်ပြီး နေရောင်ကို ကြိုက်သည်။,,,,,
MAG,103,ကတ္တီပါ ရွက်လှ,ဟင်းသီးဟင်းရွက်,၁,၂.၅,၀.၂,အသင့်အတင့်,အသင့်အတင့်,ရ,ရ,ရ,၀.၁,၀.၃,၁,၁,၁,၂,၂၀,၃၈,အရောင်အသွေးစုံသော အရွက်များ,အရောင်စုံသော အရွက်များရှိပြီး လျင်မြန်စွာကြီးထွားသည်။,,,,,
MDY,103,coleus,ဟင်းသီးဟင်းရွက်,၁,၂.၅,၀.၂,အသင့်အတင့်,အသင့်အတင့်,ရ,ရ,ရ,၀.၁,၀.၃,၁,၁,၁,၂,၂၀,၃၈,အရောင်အသွေးစုံသော အရွက်များ,အရောင်စုံသော အရွက်များရှိပြီး လျင်မြန်စွာကြီးထွားသည်။,,,,,
SHN_S,103,coleus,ဟင်းသီးဟင်းရွက်,၁,၂.၅,၀.၂,အသင့်အတင့်,အသင့်အတင့်,ရ,ရ,ရ,၀.၁,၀.၃,၁,၁,၁,၂,၂၀,၃၈,အရောင်အသွေးစုံသော အရွက်များ,အရောင်စုံသော အရွက်များရှိပြီး လျင်မြန်စွာကြီးထွားသည်။,,,,,
YGN,103,coleus,ဟင်းသီးဟင်းရွက်,၁,၂.၅,၀.၂,အသင့်အတင့်,အသင့်အတင့်,ရ,ရ,ရ,၀.၁,၀.၃,၁,၁,၁,၂,၂၀,၃၈,အရောင်အသွေးစုံသော အရွက်များ,အရောင်စုံသော အရွက်များရှိပြီး လျင်မြန်စွာကြီးထွားသည်။,,,,,
YGN,104,ကန်စွန်းရွက်,ဟင်းသီးဟင်းရွက်,၀.၃,၁,၀.၆,နည်း,အသင့်အတင့်,ရ,ရ,ရ,၀.၀၅,၀.၁,၀.၅,၁,၀.၉,၀.၅,၁၀,၃၂,ချက်ပြုတ်၊ ဟင်းချို,စိုစွတ်မှုနှင့် ရေတိမ်ဗန်းများကို ကြိုက်သည်၊ ရန်ကုန်အိမ်များနှင့် ကိုက်ညီသည်။,,,,,
,,,,,,,,,,,,,,,,,,,,,,,,,,
,,,,,,,,,,,,,,,,,,,,,,,,,,
,,,,,,,,,,,,,,,,,,,,,,,,,,
,,,,,,,,,,,,,,,,,,,,,,,,,,
,,,,,,,,,,,,,,,,,,,,,,,,,,
,,,,,,,,,,,,,,,,,,,,,,,,,,
,,,,,,,,,,,,,,,,,,,,,,,,,,
,,,,,,,,,,,,,,,,,,,,,,,,,,
,,,,,,,,,,,,,,,,,,,,,,,,,,
,,,,,,,,,,,,,,,,,,,,,,,,,,
,,,,,,,,,,,,,,,,,,,,,,,,,,
,,,,,,,,,,,,,,,,,,,,,,,,,,
,,,,,,,,,,,,,,,,,,,,,,,,,,
,,,,,,,,,,,,,,,,,,,,,,,,,,
,,,,,,,,,,,,,,,,,,,,,,,,,,
,,,,,,,,,,,,,,,,,,,,,,,,,,
,,,,,,,,,,,,,,,,,,,,,,,,,,
,,,,,,,,,,,,,,,,,,,,,,,,,,
,,,,,,,,,,,,,,,,,,,,,,,,,,
,,,,,,,,,,,,,,,,,,,,,,,,,,
,,,,,,,,,,,,,,,,,,,,,,,,,,
,,,,,,,,,,,,,,,,,,,,,,,,,,
,,,,,,,,,,,,,,,,,,,,,,,,,,
,,,,,,,,,,,,,,,,,,,,,,,,,,
,,,,,,,,,,,,,,,,,,,,,,,,,,
,,,,,,,,,,,,,,,,,,,,,,,,,,
,,,,,,,,,,,,,,,,,,,,,,,,,,
,,,,,,,,,,,,,,,,,,,,,,,,,,
,,,,,,,,,,,,,,,,,,,,,,,,,,
,,,,,,,,,,,,,,,,,,,,,,,,,,
,,,,,,,,,,,,,,,,,,,,,,,,,,
,,,,,,,,,,,,,,,,,,,,,,,,,,
,,,,,,,,,,,,,,,,,,,,,,,,,,
,,,,,,,,,,,,,,,,,,,,,,,,,,
,,,,,,,,,,,,,,,,,,,,,,,,,,
,,,,,,,,,,,,,,,,,,,,,,,,,,
,,,,,,,,,,,,,,,,,,,,,,,,,,
,,,,,,,,,,,,,,,,,,,,,,,,,,
,,,,,,,,,,,,,,,,,,,,,,,,,,
,,,,,,,,,,,,,,,,,,,,,,,,,,
,,,,,,,,,,,,,,,,,,,,,,,,,,
,,,,,,,,,,,,,,,,,,,,,,,,,,
,,,,,,,,,,,,,,,,,,,,,,,,,,
,,,,,,,,,,,,,,,,,,,,,,,,,,
,,,,,,,,,,,,,,,,,,,,,,,,,,
,,,,,,,,,,,,,,,,,,,,,,,,,,
,,,,,,,,,,,,,,,,,,,,,,,,,,
,,,,,,,,,,,,,,,,,,,,,,,,,,
,,,,,,,,,,,,,,,,,,,,,,,,,,
,,,,,,,,,,,,,,,,,,,,,,,,,,
,,,,,,,,,,,,,,,,,,,,,,,,,,
,,,,,,,,,,,,,,,,,,,,,,,,,,
,,,,,,,,,,,,,,,,,,,,,,,,,,
,,,,,,,,,,,,,,,,,,,,,,,,,,
,,,,,,,,,,,,,,,,,,,,,,,,,,
,,,,,,,,,,,,,,,,,,,,,,,,,,
,,,,,,,,,,,,,,,,,,,,,,,,,,
,,,,,,,,,,,,,,,,,,,,,,,,,,
,,,,,,,,,,,,,,,,,,,,,,,,,,
,,,,,,,,,,,,,,,,,,,,,,,,,,
,,,,,,,,,,,,,,,,,,,,,,,,,,
,,,,,,,,,,,,,,,,,,,,,,,,,,
,,,,,,,,,,,,,,,,,,,,,,,,,,
,,,,,,,,,,,,,,,,,,,,,,,,,,
,,,,,,,,,,,,,,,,,,,,,,,,,,
,,,,,,,,,,,,,,,,,,,,,,,,,,
,,,,,,,,,,,,,,,,,,,,,,,,,,
,,,,,,,,,,,,,,,,,,,,,,,,,,
,,,,,,,,,,,,,,,,,,,,,,,,,,
,,,,,,,,,,,,,,,,,,,,,,,,,,
,,,,,,,,,,,,,,,,,,,,,,,,,,
,,,,,,,,,,,,,,,,,,,,,,,,,,
,,,,,,,,,,,,,,,,,,,,,,,,,,
,,,,,,,,,,,,,,,,,,,,,,,,,,
,,,,,,,,,,,,,,,,,,,,,,,,,,
,,,,,,,,,,,,,,,,,,,,,,,,,,
,,,,,,,,,,,,,,,,,,,,,,,,,,
,,,,,,,,,,,,,,,,,,,,,,,,,,
,,,,,,,,,,,,,,,,,,,,,,,,,,
,,,,,,,,,,,,,,,,,,,,,,,,,,
,,,,,,,,,,,,,,,,,,,,,,,,,,
,,,,,,,,,,,,,,,,,,,,,,,,,,
,,,,,,,,,,,,,,,,,,,,,,,,,,
,,,,,,,,,,,,,,,,,,,,,,,,,,
,,,,,,,,,,,,,,,,,,,,,,,,,,
,,,,,,,,,,,,,,,,,,,,,,,,,,
,,,,,,,,,,,,,,,,,,,,,,,,,,
,,,,,,,,,,,,,,,,,,,,,,,,,,
,,,,,,,,,,,,,,,,,,,,,,,,,,
,,,,,,,,,,,,,,,,,,,,,,,,,,
,,,,,,,,,,,,,,,,,,,,,,,,,,
,,,,,,,,,,,,,,,,,,,,,,,,,,
,,,,,,,,,,,,,,,,,,,,,,,,,,
,,,,,,,,,,,,,,,,,,,,,,,,,,
,,,,,,,,,,,,,,,,,,,,,,,,,,
,,,,,,,,,,,,,,,,,,,,,,,,,,
,,,,,,,,,,,,,,,,,,,,,,,,,,
,,,,,,,,,,,,,,,,,,,,,,,,,,
,,,,,,,,,,,,,,,,,,,,,,,,,,
,,,,,,,,,,,,,,,,,,,,,,,,,,
,,,,,,,,,,,,,,,,,,,,,,,,,,
,,,,,,,,,,,,,,,,,,,,,,,,,,
,,,,,,,,,,,,,,,,,,,,,,,,,,
,,,,,,,,,,,,,,,,,,,,,,,,,,
,,,,,,,,,,,,,,,,,,,,,,,,,,
,,,,,,,,,,,,,,,,,,,,,,,,,,
,,,,,,,,,,,,,,,,,,,,,,,,,,
,,,,,,,,,,,,,,,,,,,,,,,,,,
,,,,,,,,,,,,,,,,,,,,,,,,,,
,,,,,,,,,,,,,,,,,,,,,,,,,,
,,,,,,,,,,,,,,,,,,,,,,,,,,
,,,,,,,,,,,,,,,,,,,,,,,,,,
,,,,,,,,,,,,,,,,,,,,,,,,,,
,,,,,,,,,,,,,,,,,,,,,,,,,,
,,,,,,,,,,,,,,,,,,,,,,,,,,
,,,,,,,,,,,,,,,,,,,,,,,,,,
,,,,,,,,,,,,,,,,,,,,,,,,,,
,,,,,,,,,,,,,,,,,,,,,,,,,,
,,,,,,,,,,,,,,,,,,,,,,,,,,
,,,,,,,,,,,,,,,,,,,,,,,,,,
,,,,,,,,,,,,,,,,,,,,,,,,,,
,,,,,,,,,,,,,,,,,,,,,,,,,,
,,,,,,,,,,,,,,,,,,,,,,,,,,
,,,,,,,,,,,,,,,,,,,,,,,,,,
,,,,,,,,,,,,,,,,,,,,,,,,,,
,,,,,,,,,,,,,,,,,,,,,,,,,,
,,,,,,,,,,,,,,,,,,,,,,,,,,
,,,,,,,,,,,,,,,,,,,,,,,,,,
,,,,,,,,,,,,,,,,,,,,,,,,,,
,,,,,,,,,,,,,,,,,,,,,,,,,,
,,,,,,,,,,,,,,,,,,,,,,,,,,
,,,,,,,,,,,,,,,,,,,,,,,,,,
,,,,,,,,,,,,,,,,,,,,,,,,,,
,,,,,,,,,,,,,,,,,,,,,,,,,,
,,,,,,,,,,,,,,,,,,,,,,,,,,
,,,,,,,,,,,,,,,,,,,,,,,,,,
,,,,,,,,,,,,,,,,,,,,,,,,,,
,,,,,,,,,,,,,,,,,,,,,,,,,,
,,,,,,,,,,,,,,,,,,,,,,,,,,
,,,,,,,,,,,,,,,,,,,,,,,,,,
,,,,,,,,,,,,,,,,,,,,,,,,,,
,,,,,,,,,,,,,,,,,,,,,,,,,,
,,,,,,,,,,,,,,,,,,,,,,,,,,
,,,,,,,,,,,,,,,,,,,,,,,,,,
,,,,,,,,,,,,,,,,,,,,,,,,,,
,,,,,,,,,,,,,,,,,,,,,,,,,,
,,,,,,,,,,,,,,,,,,,,,,,,,,
,,,,,,,,,,,,,,,,,,,,,,,,,,
,,,,,,,,,,,,,,,,,,,,,,,,,,
,,,,,,,,,,,,,,,,,,,,,,,,,,
,,,,,,,,,,,,,,,,,,,,,,,,,,
,,,,,,,,,,,,,,,,,,,,,,,,,,
,,,,,,,,,,,,,,,,,,,,,,,,,,
,,,,,,,,,,,,,,,,,,,,,,,,,,
,,,,,,,,,,,,,,,,,,,,,,,,,,
,,,,,,,,,,,,,,,,,,,,,,,,,,
,,,,,,,,,,,,,,,,,,,,,,,,,,
,,,,,,,,,,,,,,,,,,,,,,,,,,
,,,,,,,,,,,,,,,,,,,,,,,,,,
,,,,,,,,,,,,,,,,,,,,,,,,,,
,,,,,,,,,,,,,,,,,,,,,,,,,,
,,,,,,,,,,,,,,,,,,,,,,,,,,
,,,,,,,,,,,,,,,,,,,,,,,,,,
,,,,,,,,,,,,,,,,,,,,,,,,,,
,,,,,,,,,,,,,,,,,,,,,,,,,,
,,,,,,,,,,,,,,,,,,,,,,,,,,
,,,,,,,,,,,,,,,,,,,,,,,,,,
,,,,,,,,,,,,,,,,,,,,,,,,,,
,,,,,,,,,,,,,,,,,,,,,,,,,,
,,,,,,,,,,,,,,,,,,,,,,,,,,
,,,,,,,,,,,,,,,,,,,,,,,,,,
,,,,,,,,,,,,,,,,,,,,,,,,,,
,,,,,,,,,,,,,,,,,,,,,,,,,,
,,,,,,,,,,,,,,,,,,,,,,,,,,
,,,,,,,,,,,,,,,,,,,,,,,,,,
,,,,,,,,,,,,,,,,,,,,,,,,,,
,,,,,,,,,,,,,,,,,,,,,,,,,,
,,,,,,,,,,,,,,,,,,,,,,,,,,
,,,,,,,,,,,,,,,,,,,,,,,,,,
,,,,,,,,,,,,,,,,,,,,,,,,,,
,,,,,,,,,,,,,,,,,,,,,,,,,,
,,,,,,,,,,,,,,,,,,,,,,,,,,
,,,,,,,,,,,,,,,,,,,,,,,,,,
,,,,,,,,,,,,,,,,,,,,,,,,,,
,,,,,,,,,,,,,,,,,,,,,,,,,,
,,,,,,,,,,,,,,,,,,,,,,,,,,
,,,,,,,,,,,,,,,,,,,,,,,,,,
,,,,,,,,,,,,,,,,,,,,,,,,,,
,,,,,,,,,,,,,,,,,,,,,,,,,,
,,,,,,,,,,,,,,,,,,,,,,,,,,
,,,,,,,,,,,,,,,,,,,,,,,,,,
,,,,,,,,,,,,,,,,,,,,,,,,,,
,,,,,,,,,,,,,,,,,,,,,,,,,,
,,,,,,,,,,,,,,,,,,,,,,,,,,
,,,,,,,,,,,,,,,,,,,,,,,,,,
,,,,,,,,,,,,,,,,,,,,,,,,,,
,,,,,,,,,,,,,,,,,,,,,,,,,,
,,,,,,,,,,,,,,,,,,,,,,,,,,
,,,,,,,,,,,,,,,,,,,,,,,,,,
,,,,,,,,,,,,,,,,,,,,,,,,,,
,,,,,,,,,,,,,,,,,,,,,,,,,,
,,,,,,,,,,,,,,,,,,,,,,,,,,
,,,,,,,,,,,,,,,,,,,,,,,,,,
,,,,,,,,,,,,,,,,,,,,,,,,,,
,,,,,,,,,,,,,,,,,,,,,,,,,,
,,,,,,,,,,,,,,,,,,,,,,,,,,
,,,,,,,,,,,,,,,,,,,,,,,,,,
,,,,,,,,,,,,,,,,,,,,,,,,,,
,,,,,,,,,,,,,,,,,,,,,,,,,,
,,,,,,,,,,,,,,,,,,,,,,,,,,
,,,,,,,,,,,,,,,,,,,,,,,,,,
,,,,,,,,,,,,,,,,,,,,,,,,,,
,,,,,,,,,,,,,,,,,,,,,,,,,,
,,,,,,,,,,,,,,,,,,,,,,,,,,
,,,,,,,,,,,,,,,,,,,,,,,,,,
,,,,,,,,,,,,,,,,,,,,,,,,,,
,,,,,,,,,,,,,,,,,,,,,,,,,,
,,,,,,,,,,,,,,,,,,,,,,,,,,
,,,,,,,,,,,,,,,,,,,,,,,,,,
,,,,,,,,,,,,,,,,,,,,,,,,,,
,,,,,,,,,,,,,,,,,,,,,,,,,,
,,,,,,,,,,,,,,,,,,,,,,,,,,
,,,,,,,,,,,,,,,,,,,,,,,,,,
,,,,,,,,,,,,,,,,,,,,,,,,,,
,,,,,,,,,,,,,,,,,,,,,,,,,,
,,,,,,,,,,,,,,,,,,,,,,,,,,
,,,,,,,,,,,,,,,,,,,,,,,,,,
,,,,,,,,,,,,,,,,,,,,,,,,,,
,,,,,,,,,,,,,,,,,,,,,,,,,,
,,,,,,,,,,,,,,,,,,,,,,,,,,
,,,,,,,,,,,,,,,,,,,,,,,,,,
,,,,,,,,,,,,,,,,,,,,,,,,,,
,,,,,,,,,,,,,,,,,,,,,,,,,,
,,,,,,,,,,,,,,,,,,,,,,,,,,
,,,,,,,,,,,,,,,,,,,,,,,,,,
,,,,,,,,,,,,,,,,,,,,,,,,,,
,,,,,,,,,,,,,,,,,,,,,,,,,,
,,,,,,,,,,,,,,,,,,,,,,,,,,
,,,,,,,,,,,,,,,,,,,,,,,,,,
,,,,,,,,,,,,,,,,,,,,,,,,,,
,,,,,,,,,,,,,,,,,,,,,,,,,,
,,,,,,,,,,,,,,,,,,,,,,,,,,
,,,,,,,,,,,,,,,,,,,,,,,,,,
,,,,,,,,,,,,,,,,,,,,,,,,,,
,,,,,,,,,,,,,,,,,,,,,,,,,,
,,,,,,,,,,,,,,,,,,,,,,,,,,
,,,,,,,,,,,,,,,,,,,,,,,,,,
,,,,,,,,,,,,,,,,,,,,,,,,,,
,,,,,,,,,,,,,,,,,,,,,,,,,,
,,,,,,,,,,,,,,,,,,,,,,,,,,
,,,,,,,,,,,,,,,,,,,,,,,,,,
,,,,,,,,,,,,,,,,,,,,,,,,,,
,,,,,,,,,,,,,,,,,,,,,,,,,,
,,,,,,,,,,,,,,,,,,,,,,,,,,
,,,,,,,,,,,,,,,,,,,,,,,,,,
,,,,,,,,,,,,,,,,,,,,,,,,,,
,,,,,,,,,,,,,,,,,,,,,,,,,,
,,,,,,,,,,,,,,,,,,,,,,,,,,
,,,,,,,,,,,,,,,,,,,,,,,,,,
,,,,,,,,,,,,,,,,,,,,,,,,,,
,,,,,,,,,,,,,,,,,,,,,,,,,,
,,,,,,,,,,,,,,,,,,,,,,,,,,
,,,,,,,,,,,,,,,,,,,,,,,,,,
,,,,,,,,,,,,,,,,,,,,,,,,,,
,,,,,,,,,,,,,,,,,,,,,,,,,,
,,,,,,,,,,,,,,,,,,,,,,,,,,
,,,,,,,,,,,,,,,,,,,,,,,,,,
,,,,,,,,,,,,,,,,,,,,,,,,,,
,,,,,,,,,,,,,,,,,,,,,,,,,,
,,,,,,,,,,,,,,,,,,,,,,,,,,
,,,,,,,,,,,,,,,,,,,,,,,,,,
,,,,,,,,,,,,,,,,,,,,,,,,,,
,,,,,,,,,,,,,,,,,,,,,,,,,,
,,,,,,,,,,,,,,,,,,,,,,,,,,
,,,,,,,,,,,,,,,,,,,,,,,,,,
,,,,,,,,,,,,,,,,,,,,,,,,,,
,,,,,,,,,,,,,,,,,,,,,,,,,,
,,,,,,,,,,,,,,,,,,,,,,,,,,
,,,,,,,,,,,,,,,,,,,,,,,,,,
,,,,,,,,,,,,,,,,,,,,,,,,,,
,,,,,,,,,,,,,,,,,,,,,,,,,,
,,,,,,,,,,,,,,,,,,,,,,,,,,
,,,,,,,,,,,,,,,,,,,,,,,,,,
,,,,,,,,,,,,,,,,,,,,,,,,,,
,,,,,,,,,,,,,,,,,,,,,,,,,,
,,,,,,,,,,,,,,,,,,,,,,,,,,
,,,,,,,,,,,,,,,,,,,,,,,,,,
,,,,,,,,,,,,,,,,,,,,,,,,,,
,,,,,,,,,,,,,,,,,,,,,,,,,,
,,,,,,,,,,,,,,,,,,,,,,,,,,
,,,,,,,,,,,,,,,,,,,,,,,,,,
,,,,,,,,,,,,,,,,,,,,,,,,,,
,,,,,,,,,,,,,,,,,,,,,,,,,,
,,,,,,,,,,,,,,,,,,,,,,,,,,
,,,,,,,,,,,,,,,,,,,,,,,,,,
,,,,,,,,,,,,,,,,,,,,,,,,,,
,,,,,,,,,,,,,,,,,,,,,,,,,,
,,,,,,,,,,,,,,,,,,,,,,,,,,
,,,,,,,,,,,,,,,,,,,,,,,,,,
,,,,,,,,,,,,,,,,,,,,,,,,,,
,,,,,,,,,,,,,,,,,,,,,,,,,,
,,,,,,,,,,,,,,,,,,,,,,,,,,
,,,,,,,,,,,,,,,,,,,,,,,,,,
,,,,,,,,,,,,,,,,,,,,,,,,,,
,,,,,,,,,,,,,,,,,,,,,,,,,,
,,,,,,,,,,,,,,,,,,,,,,,,,,
,,,,,,,,,,,,,,,,,,,,,,,,,,
,,,,,,,,,,,,,,,,,,,,,,,,,,
,,,,,,,,,,,,,,,,,,,,,,,,,,
,,,,,,,,,,,,,,,,,,,,,,,,,,
,,,,,,,,,,,,,,,,,,,,,,,,,,
,,,,,,,,,,,,,,,,,,,,,,,,,,
,,,,,,,,,,,,,,,,,,,,,,,,,,
,,,,,,,,,,,,,,,,,,,,,,,,,,
,,,,,,,,,,,,,,,,,,,,,,,,,,
,,,,,,,,,,,,,,,,,,,,,,,,,,
,,,,,,,,,,,,,,,,,,,,,,,,,,
,,,,,,,,,,,,,,,,,,,,,,,,,,
,,,,,,,,,,,,,,,,,,,,,,,,,,
,,,,,,,,,,,,,,,,,,,,,,,,,,
,,,,,,,,,,,,,,,,,,,,,,,,,,
,,,,,,,,,,,,,,,,,,,,,,,,,,
,,,,,,,,,,,,,,,,,,,,,,,,,,
,,,,,,,,,,,,,,,,,,,,,,,,,,
,,,,,,,,,,,,,,,,,,,,,,,,,,
,,,,,,,,,,,,,,,,,,,,,,,,,,
,,,,,,,,,,,,,,,,,,,,,,,,,,
,,,,,,,,,,,,,,,,,,,,,,,,,,
,,,,,,,,,,,,,,,,,,,,,,,,,,
,,,,,,,,,,,,,,,,,,,,,,,,,,
,,,,,,,,,,,,,,,,,,,,,,,,,,
,,,,,,,,,,,,,,,,,,,,,,,,,,
,,,,,,,,,,,,,,,,,,,,,,,,,,
,,,,,,,,,,,,,,,,,,,,,,,,,,
,,,,,,,,,,,,,,,,,,,,,,,,,,
,,,,,,,,,,,,,,,,,,,,,,,,,,
,,,,,,,,,,,,,,,,,,,,,,,,,,
,,,,,,,,,,,,,,,,,,,,,,,,,,
,,,,,,,,,,,,,,,,,,,,,,,,,,
,,,,,,,,,,,,,,,,,,,,,,,,,,
,,,,,,,,,,,,,,,,,,,,,,,,,,
,,,,,,,,,,,,,,,,,,,,,,,,,,
,,,,,,,,,,,,,,,,,,,,,,,,,,
,,,,,,,,,,,,,,,,,,,,,,,,,,
,,,,,,,,,,,,,,,,,,,,,,,,,,
,,,,,,,,,,,,,,,,,,,,,,,,,,
,,,,,,,,,,,,,,,,,,,,,,,,,,
,,,,,,,,,,,,,,,,,,,,,,,,,,
,,,,,,,,,,,,,,,,,,,,,,,,,,
,,,,,,,,,,,,,,,,,,,,,,,,,,
,,,,,,,,,,,,,,,,,,,,,,,,,,
,,,,,,,,,,,,,,,,,,,,,,,,,,
,,,,,,,,,,,,,,,,,,,,,,,,,,
,,,,,,,,,,,,,,,,,,,,,,,,,,
,,,,,,,,,,,,,,,,,,,,,,,,,,
,,,,,,,,,,,,,,,,,,,,,,,,,,
,,,,,,,,,,,,,,,,,,,,,,,,,,
,,,,,,,,,,,,,,,,,,,,,,,,,,
,,,,,,,,,,,,,,,,,,,,,,,,,,
,,,,,,,,,,,,,,,,,,,,,,,,,,
,,,,,,,,,,,,,,,,,,,,,,,,,,
,,,,,,,,,,,,,,,,,,,,,,,,,,
,,,,,,,,,,,,,,,,,,,,,,,,,,
,,,,,,,,,,,,,,,,,,,,,,,,,,
,,,,,,,,,,,,,,,,,,,,,,,,,,
,,,,,,,,,,,,,,,,,,,,,,,,,,
,,,,,,,,,,,,,,,,,,,,,,,,,,
,,,,,,,,,,,,,,,,,,,,,,,,,,
,,,,,,,,,,,,,,,,,,,,,,,,,,
,,,,,,,,,,,,,,,,,,,,,,,,,,
,,,,,,,,,,,,,,,,,,,,,,,,,,
,,,,,,,,,,,,,,,,,,,,,,,,,,
,,,,,,,,,,,,,,,,,,,,,,,,,,
,,,,,,,,,,,,,,,,,,,,,,,,,,
,,,,,,,,,,,,,,,,,,,,,,,,,,
,,,,,,,,,,,,,,,,,,,,,,,,,,
,,,,,,,,,,,,,,,,,,,,,,,,,,
,,,,,,,,,,,,,,,,,,,,,,,,,,
,,,,,,,,,,,,,,,,,,,,,,,,,,
,,,,,,,,,,,,,,,,,,,,,,,,,,
,,,,,,,,,,,,,,,,,,,,,,,,,,
,,,,,,,,,,,,,,,,,,,,,,,,,,
,,,,,,,,,,,,,,,,,,,,,,,,,,
,,,,,,,,,,,,,,,,,,,,,,,,,,
,,,,,,,,,,,,,,,,,,,,,,,,,,
,,,,,,,,,,,,,,,,,,,,,,,,,,
,,,,,,,,,,,,,,,,,,,,,,,,,,
,,,,,,,,,,,,,,,,,,,,,,,,,,
,,,,,,,,,,,,,,,,,,,,,,,,,,
,,,,,,,,,,,,,,,,,,,,,,,,,,
,,,,,,,,,,,,,,,,,,,,,,,,,,
,,,,,,,,,,,,,,,,,,,,,,,,,,
,,,,,,,,,,,,,,,,,,,,,,,,,,
,,,,,,,,,,,,,,,,,,,,,,,,,,
,,,,,,,,,,,,,,,,,,,,,,,,,,
,,,,,,,,,,,,,,,,,,,,,,,,,,
,,,,,,,,,,,,,,,,,,,,,,,,,,
,,,,,,,,,,,,,,,,,,,,,,,,,,
,,,,,,,,,,,,,,,,,,,,,,,,,,
,,,,,,,,,,,,,,,,,,,,,,,,,,
,,,,,,,,,,,,,,,,,,,,,,,,,,
,,,,,,,,,,,,,,,,,,,,,,,,,,
,,,,,,,,,,,,,,,,,,,,,,,,,,
,,,,,,,,,,,,,,,,,,,,,,,,,,
,,,,,,,,,,,,,,,,,,,,,,,,,,
,,,,,,,,,,,,,,,,,,,,,,,,,,
,,,,,,,,,,,,,,,,,,,,,,,,,,
,,,,,,,,,,,,,,,,,,,,,,,,,,
,,,,,,,,,,,,,,,,,,,,,,,,,,
,,,,,,,,,,,,,,,,,,,,,,,,,,
,,,,,,,,,,,,,,,,,,,,,,,,,,
,,,,,,,,,,,,,,,,,,,,,,,,,,
,,,,,,,,,,,,,,,,,,,,,,,,,,
,,,,,,,,,,,,,,,,,,,,,,,,,,
,,,,,,,,,,,,,,,,,,,,,,,,,,
,,,,,,,,,,,,,,,,,,,,,,,,,,
,,,,,,,,,,,,,,,,,,,,,,,,,,
,,,,,,,,,,,,,,,,,,,,,,,,,,
,,,,,,,,,,,,,,,,,,,,,,,,,,
,,,,,,,,,,,,,,,,,,,,,,,,,,
,,,,,,,,,,,,,,,,,,,,,,,,,,
,,,,,,,,,,,,,,,,,,,,,,,,,,
,,,,,,,,,,,,,,,,,,,,,,,,,,
,,,,,,,,,,,,,,,,,,,,,,,,,,
,,,,,,,,,,,,,,,,,,,,,,,,,,
,,,,,,,,,,,,,,,,,,,,,,,,,,
,,,,,,,,,,,,,,,,,,,,,,,,,,
,,,,,,,,,,,,,,,,,,,,,,,,,,
,,,,,,,,,,,,,,,,,,,,,,,,,,
,,,,,,,,,,,,,,,,,,,,,,,,,,
,,,,,,,,,,,,,,,,,,,,,,,,,,
,,,,,,,,,,,,,,,,,,,,,,,,,,
,,,,,,,,,,,,,,,,,,,,,,,,,,
,,,,,,,,,,,,,,,,,,,,,,,,,,
,,,,,,,,,,,,,,,,,,,,,,,,,,
,,,,,,,,,,,,,,,,,,,,,,,,,,
,,,,,,,,,,,,,,,,,,,,,,,,,,
,,,,,,,,,,,,,,,,,,,,,,,,,,
,,,,,,,,,,,,,,,,,,,,,,,,,,
,,,,,,,,,,,,,,,,,,,,,,,,,,
,,,,,,,,,,,,,,,,,,,,,,,,,,
,,,,,,,,,,,,,,,,,,,,,,,,,,
,,,,,,,,,,,,,,,,,,,,,,,,,,
,,,,,,,,,,,,,,,,,,,,,,,,,,
,,,,,,,,,,,,,,,,,,,,,,,,,,
,,,,,,,,,,,,,,,,,,,,,,,,,,
,,,,,,,,,,,,,,,,,,,,,,,,,,
,,,,,,,,,,,,,,,,,,,,,,,,,,
,,,,,,,,,,,,,,,,,,,,,,,,,,
,,,,,,,,,,,,,,,,,,,,,,,,,,
,,,,,,,,,,,,,,,,,,,,,,,,,,
,,,,,,,,,,,,,,,,,,,,,,,,,,
,,,,,,,,,,,,,,,,,,,,,,,,,,
,,,,,,,,,,,,,,,,,,,,,,,,,,
,,,,,,,,,,,,,,,,,,,,,,,,,,
,,,,,,,,,,,,,,,,,,,,,,,,,,
,,,,,,,,,,,,,,,,,,,,,,,,,,
,,,,,,,,,,,,,,,,,,,,,,,,,,
,,,,,,,,,,,,,,,,,,,,,,,,,,
,,,,,,,,,,,,,,,,,,,,,,,,,,
,,,,,,,,,,,,,,,,,,,,,,,,,,
,,,,,,,,,,,,,,,,,,,,,,,,,,
,,,,,,,,,,,,,,,,,,,,,,,,,,
,,,,,,,,,,,,,,,,,,,,,,,,,,
,,,,,,,,,,,,,,,,,,,,,,,,,,
,,,,,,,,,,,,,,,,,,,,,,,,,,
,,,,,,,,,,,,,,,,,,,,,,,,,,
,,,,,,,,,,,,,,,,,,,,,,,,,,
,,,,,,,,,,,,,,,,,,,,,,,,,,
,,,,,,,,,,,,,,,,,,,,,,,,,,
,,,,,,,,,,,,,,,,,,,,,,,,,,
,,,,,,,,,,,,,,,,,,,,,,,,,,
,,,,,,,,,,,,,,,,,,,,,,,,,,
,,,,,,,,,,,,,,,,,,,,,,,,,,
,,,,,,,,,,,,,,,,,,,,,,,,,,
,,,,,,,,,,,,,,,,,,,,,,,,,,
,,,,,,,,,,,,,,,,,,,,,,,,,,
,,,,,,,,,,,,,,,,,,,,,,,,,,
,,,,,,,,,,,,,,,,,,,,,,,,,,
,,,,,,,,,,,,,,,,,,,,,,,,,,
,,,,,,,,,,,,,,,,,,,,,,,,,,
,,,,,,,,,,,,,,,,,,,,,,,,,,
,,,,,,,,,,,,,,,,,,,,,,,,,,
,,,,,,,,,,,,,,,,,,,,,,,,,,
,,,,,,,,,,,,,,,,,,,,,,,,,,
,,,,,,,,,,,,,,,,,,,,,,,,,,
,,,,,,,,,,,,,,,,,,,,,,,,,,
,,,,,,,,,,,,,,,,,,,,,,,,,,
,,,,,,,,,,,,,,,,,,,,,,,,,,
,,,,,,,,,,,,,,,,,,,,,,,,,,
,,,,,,,,,,,,,,,,,,,,,,,,,,
,,,,,,,,,,,,,,,,,,,,,,,,,,
,,,,,,,,,,,,,,,,,,,,,,,,,,
,,,,,,,,,,,,,,,,,,,,,,,,,,
,,,,,,,,,,,,,,,,,,,,,,,,,,
,,,,,,,,,,,,,,,,,,,,,,,,,,
,,,,,,,,,,,,,,,,,,,,,,,,,,
,,,,,,,,,,,,,,,,,,,,,,,,,,
,,,,,,,,,,,,,,,,,,,,,,,,,,
,,,,,,,,,,,,,,,,,,,,,,,,,,
,,,,,,,,,,,,,,,,,,,,,,,,,,
,,,,,,,,,,,,,,,,,,,,,,,,,,
,,,,,,,,,,,,,,,,,,,,,,,,,,
,,,,,,,,,,,,,,,,,,,,,,,,,,
,,,,,,,,,,,,,,,,,,,,,,,,,,
,,,,,,,,,,,,,,,,,,,,,,,,,,
,,,,,,,,,,,,,,,,,,,,,,,,,,
,,,,,,,,,,,,,,,,,,,,,,,,,,
,,,,,,,,,,,,,,,,,,,,,,,,,,
,,,,,,,,,,,,,,,,,,,,,,,,,,
,,,,,,,,,,,,,,,,,,,,,,,,,,
,,,,,,,,,,,,,,,,,,,,,,,,,,
,,,,,,,,,,,,,,,,,,,,,,,,,,
,,,,,,,,,,,,,,,,,,,,,,,,,,
,,,,,,,,,,,,,,,,,,,,,,,,,,
,,,,,,,,,,,,,,,,,,,,,,,,,,
,,,,,,,,,,,,,,,,,,,,,,,,,,
,,,,,,,,,,,,,,,,,,,,,,,,,,
,,,,,,,,,,,,,,,,,,,,,,,,,,
,,,,,,,,,,,,,,,,,,,,,,,,,,
,,,,,,,,,,,,,,,,,,,,,,,,,,
,,,,,,,,,,,,,,,,,,,,,,,,,,
,,,,,,,,,,,,,,,,,,,,,,,,,,
,,,,,,,,,,,,,,,,,,,,,,,,,,
,,,,,,,,,,,,,,,,,,,,,,,,,,
,,,,,,,,,,,,,,,,,,,,,,,,,,
,,,,,,,,,,,,,,,,,,,,,,,,,,
,,,,,,,,,,,,,,,,,,,,,,,,,,
,,,,,,,,,,,,,,,,,,,,,,,,,,
,,,,,,,,,,,,,,,,,,,,,,,,,,
,,,,,,,,,,,,,,,,,,,,,,,,,,
,,,,,,,,,,,,,,,,,,,,,,,,,,
,,,,,,,,,,,,,,,,,,,,,,,,,,
,,,,,,,,,,,,,,,,,,,,,,,,,,
,,,,,,,,,,,,,,,,,,,,,,,,,,
,,,,,,,,,,,,,,,,,,,,,,,,,,
,,,,,,,,,,,,,,,,,,,,,,,,,,
,,,,,,,,,,,,,,,,,,,,,,,,,,
,,,,,,,,,,,,,,,,,,,,,,,,,,
,,,,,,,,,,,,,,,,,,,,,,,,,,
,,,,,,,,,,,,,,,,,,,,,,,,,,
,,,,,,,,,,,,,,,,,,,,,,,,,,
,,,,,,,,,,,,,,,,,,,,,,,,,,
,,,,,,,,,,,,,,,,,,,,,,,,,,
,,,,,,,,,,,,,,,,,,,,,,,,,,
,,,,,,,,,,,,,,,,,,,,,,,,,,
,,,,,,,,,,,,,,,,,,,,,,,,,,
,,,,,,,,,,,,,,,,,,,,,,,,,,
,,,,,,,,,,,,,,,,,,,,,,,,,,
,,,,,,,,,,,,,,,,,,,,,,,,,,
,,,,,,,,,,,,,,,,,,,,,,,,,,
,,,,,,,,,,,,,,,,,,,,,,,,,,
,,,,,,,,,,,,,,,,,,,,,,,,,,
,,,,,,,,,,,,,,,,,,,,,,,,,,
,,,,,,,,,,,,,,,,,,,,,,,,,,
,,,,,,,,,,,,,,,,,,,,,,,,,,
,,,,,,,,,,,,,,,,,,,,,,,,,,
,,,,,,,,,,,,,,,,,,,,,,,,,,
,,,,,,,,,,,,,,,,,,,,,,,,,,
,,,,,,,,,,,,,,,,,,,,,,,,,,
,,,,,,,,,,,,,,,,,,,,,,,,,,
,,,,,,,,,,,,,,,,,,,,,,,,,,
,,,,,,,,,,,,,,,,,,,,,,,,,,
,,,,,,,,,,,,,,,,,,,,,,,,,,
,,,,,,,,,,,,,,,,,,,,,,,,,,
,,,,,,,,,,,,,,,,,,,,,,,,,,
,,,,,,,,,,,,,,,,,,,,,,,,,,
,,,,,,,,,,,,,,,,,,,,,,,,,,
,,,,,,,,,,,,,,,,,,,,,,,,,,
,,,,,,,,,,,,,,,,,,,,,,,,,,
,,,,,,,,,,,,,,,,,,,,,,,,,,
,,,,,,,,,,,,,,,,,,,,,,,,,,
,,,,,,,,,,,,,,,,,,,,,,,,,,
,,,,,,,,,,,,,,,,,,,,,,,,,,
,,,,,,,,,,,,,,,,,,,,,,,,,,
,,,,,,,,,,,,,,,,,,,,,,,,,,
,,,,,,,,,,,,,,,,,,,,,,,,,,
,,,,,,,,,,,,,,,,,,,,,,,,,,
,,,,,,,,,,,,,,,,,,,,,,,,,,
,,,,,,,,,,,,,,,,,,,,,,,,,,
,,,,,,,,,,,,,,,,,,,,,,,,,,
,,,,,,,,,,,,,,,,,,,,,,,,,,
,,,,,,,,,,,,,,,,,,,,,,,,,,
,,,,,,,,,,,,,,,,,,,,,,,,,,
,,,,,,,,,,,,,,,,,,,,,,,,,,
,,,,,,,,,,,,,,,,,,,,,,,,,,
,,,,,,,,,,,,,,,,,,,,,,,,,,
,,,,,,,,,,,,,,,,,,,,,,,,,,
,,,,,,,,,,,,,,,,,,,,,,,,,,
,,,,,,,,,,,,,,,,,,,,,,,,,,
,,,,,,,,,,,,,,,,,,,,,,,,,,
,,,,,,,,,,,,,,,,,,,,,,,,,,
,,,,,,,,,,,,,,,,,,,,,,,,,,
,,,,,,,,,,,,,,,,,,,,,,,,,,
,,,,,,,,,,,,,,,,,,,,,,,,,,
,,,,,,,,,,,,,,,,,,,,,,,,,,
,,,,,,,,,,,,,,,,,,,,,,,,,,
,,,,,,,,,,,,,,,,,,,,,,,,,,
,,,,,,,,,,,,,,,,,,,,,,,,,,
,,,,,,,,,,,,,,,,,,,,,,,,,,
,,,,,,,,,,,,,,,,,,,,,,,,,,
,,,,,,,,,,,,,,,,,,,,,,,,,,
,,,,,,,,,,,,,,,,,,,,,,,,,,
,,,,,,,,,,,,,,,,,,,,,,,,,,
,,,,,,,,,,,,,,,,,,,,,,,,,,
,,,,,,,,,,,,,,,,,,,,,,,,,,
,,,,,,,,,,,,,,,,,,,,,,,,,,
,,,,,,,,,,,,,,,,,,,,,,,,,,
,,,,,,,,,,,,,,,,,,,,,,,,,,
,,,,,,,,,,,,,,,,,,,,,,,,,,
,,,,,,,,,,,,,,,,,,,,,,,,,,
,,,,,,,,,,,,,,,,,,,,,,,,,,
,,,,,,,,,,,,,,,,,,,,,,,,,,
,,,,,,,,,,,,,,,,,,,,,,,,,,
,,,,,,,,,,,,,,,,,,,,,,,,,,
,,,,,,,,,,,,,,,,,,,,,,,,,,
,,,,,,,,,,,,,,,,,,,,,,,,,,
,,,,,,,,,,,,,,,,,,,,,,,,,,
,,,,,,,,,,,,,,,,,,,,,,,,,,
,,,,,,,,,,,,,,,,,,,,,,,,,,
,,,,,,,,,,,,,,,,,,,,,,,,,,
,,,,,,,,,,,,,,,,,,,,,,,,,,
,,,,,,,,,,,,,,,,,,,,,,,,,,
,,,,,,,,,,,,,,,,,,,,,,,,,,
,,,,,,,,,,,,,,,,,,,,,,,,,,
,,,,,,,,,,,,,,,,,,,,,,,,,,
,,,,,,,,,,,,,,,,,,,,,,,,,,
,,,,,,,,,,,,,,,,,,,,,,,,,,
,,,,,,,,,,,,,,,,,,,,,,,,,,
,,,,,,,,,,,,,,,,,,,,,,,,,,
,,,,,,,,,,,,,,,,,,,,,,,,,,
,,,,,,,,,,,,,,,,,,,,,,,,,,
,,,,,,,,,,,,,,,,,,,,,,,,,,
,,,,,,,,,,,,,,,,,,,,,,,,,,
,,,,,,,,,,,,,,,,,,,,,,,,,,
,,,,,,,,,,,,,,,,,,,,,,,,,,
,,,,,,,,,,,,,,,,,,,,,,,,,,
,,,,,,,,,,,,,,,,,,,,,,,,,,
,,,,,,,,,,,,,,,,,,,,,,,,,,
,,,,,,,,,,,,,,,,,,,,,,,,,,
,,,,,,,,,,,,,,,,,,,,,,,,,,
,,,,,,,,,,,,,,,,,,,,,,,,,,
,,,,,,,,,,,,,,,,,,,,,,,,,,
,,,,,,,,,,,,,,,,,,,,,,,,,,
,,,,,,,,,,,,,,,,,,,,,,,,,,
,,,,,,,,,,,,,,,,,,,,,,,,,,
,,,,,,,,,,,,,,,,,,,,,,,,,,
,,,,,,,,,,,,,,,,,,,,,,,,,,
,,,,,,,,,,,,,,,,,,,,,,,,,,
,,,,,,,,,,,,,,,,,,,,,,,,,,
,,,,,,,,,,,,,,,,,,,,,,,,,,
,,,,,,,,,,,,,,,,,,,,,,,,,,
,,,,,,,,,,,,,,,,,,,,,,,,,,
,,,,,,,,,,,,,,,,,,,,,,,,,,
,,,,,,,,,,,,,,,,,,,,,,,,,,
,,,,,,,,,,,,,,,,,,,,,,,,,,
,,,,,,,,,,,,,,,,,,,,,,,,,,
,,,,,,,,,,,,,,,,,,,,,,,,,,
,,,,,,,,,,,,,,,,,,,,,,,,,,
,,,,,,,,,,,,,,,,,,,,,,,,,,
,,,,,,,,,,,,,,,,,,,,,,,,,,
,,,,,,,,,,,,,,,,,,,,,,,,,,
,,,,,,,,,,,,,,,,,,,,,,,,,,
,,,,,,,,,,,,,,,,,,,,,,,,,,
,,,,,,,,,,,,,,,,,,,,,,,,,,
,,,,,,,,,,,,,,,,,,,,,,,,,,
,,,,,,,,,,,,,,,,,,,,,,,,,,
,,,,,,,,,,,,,,,,,,,,,,,,,,
,,,,,,,,,,,,,,,,,,,,,,,,,,
,,,,,,,,,,,,,,,,,,,,,,,,,,
,,,,,,,,,,,,,,,,,,,,,,,,,,
,,,,,,,,,,,,,,,,,,,,,,,,,,
,,,,,,,,,,,,,,,,,,,,,,,,,,
,,,,,,,,,,,,,,,,,,,,,,,,,,
,,,,,,,,,,,,,,,,,,,,,,,,,,
,,,,,,,,,,,,,,,,,,,,,,,,,,
,,,,,,,,,,,,,,,,,,,,,,,,,,
,,,,,,,,,,,,,,,,,,,,,,,,,,
,,,,,,,,,,,,,,,,,,,,,,,,,,
,,,,,,,,,,,,,,,,,,,,,,,,,,
,,,,,,,,,,,,,,,,,,,,,,,,,,
,,,,,,,,,,,,,,,,,,,,,,,,,,
,,,,,,,,,,,,,,,,,,,,,,,,,,
,,,,,,,,,,,,,,,,,,,,,,,,,,
,,,,,,,,,,,,,,,,,,,,,,,,,,
,,,,,,,,,,,,,,,,,,,,,,,,,,
,,,,,,,,,,,,,,,,,,,,,,,,,,
,,,,,,,,,,,,,,,,,,,,,,,,,,
,,,,,,,,,,,,,,,,,,,,,,,,,,
,,,,,,,,,,,,,,,,,,,,,,,,,,
,,,,,,,,,,,,,,,,,,,,,,,,,,
,,,,,,,,,,,,,,,,,,,,,,,,,,
,,,,,,,,,,,,,,,,,,,,,,,,,,
,,,,,,,,,,,,,,,,,,,,,,,,,,
,,,,,,,,,,,,,,,,,,,,,,,,,,
,,,,,,,,,,,,,,,,,,,,,,,,,,
,,,,,,,,,,,,,,,,,,,,,,,,,,
,,,,,,,,,,,,,,,,,,,,,,,,,,
,,,,,,,,,,,,,,,,,,,,,,,,,,
,,,,,,,,,,,,,,,,,,,,,,,,,,
,,,,,,,,,,,,,,,,,,,,,,,,,,
,,,,,,,,,,,,,,,,,,,,,,,,,,
,,,,,,,,,,,,,,,,,,,,,,,,,,
,,,,,,,,,,,,,,,,,,,,,,,,,,
,,,,,,,,,,,,,,,,,,,,,,,,,,
,,,,,,,,,,,,,,,,,,,,,,,,,,
,,,,,,,,,,,,,,,,,,,,,,,,,,
,,,,,,,,,,,,,,,,,,,,,,,,,,
,,,,,,,,,,,,,,,,,,,,,,,,,,
,,,,,,,,,,,,,,,,,,,,,,,,,,
,,,,,,,,,,,,,,,,,,,,,,,,,,
,,,,,,,,,,,,,,,,,,,,,,,,,,
,,,,,,,,,,,,,,,,,,,,,,,,,,
,,,,,,,,,,,,,,,,,,,,,,,,,,
,,,,,,,,,,,,,,,,,,,,,,,,,,
,,,,,,,,,,,,,,,,,,,,,,,,,,
,,,,,,,,,,,,,,,,,,,,,,,,,,
,,,,,,,,,,,,,,,,,,,,,,,,,,
,,,,,,,,,,,,,,,,,,,,,,,,,,
,,,,,,,,,,,,,,,,,,,,,,,,,,
,,,,,,,,,,,,,,,,,,,,,,,,,,
,,,,,,,,,,,,,,,,,,,,,,,,,,
,,,,,,,,,,,,,,,,,,,,,,,,,,
,,,,,,,,,,,,,,,,,,,,,,,,,,
,,,,,,,,,,,,,,,,,,,,,,,,,,
,,,,,,,,,,,,,,,,,,,,,,,,,,
,,,,,,,,,,,,,,,,,,,,,,,,,,
,,,,,,,,,,,,,,,,,,,,,,,,,,
,,,,,,,,,,,,,,,,,,,,,,,,,,
,,,,,,,,,,,,,,,,,,,,,,,,,,
,,,,,,,,,,,,,,,,,,,,,,,,,,
,,,,,,,,,,,,,,,,,,,,,,,,,,
,,,,,,,,,,,,,,,,,,,,,,,,,,
,,,,,,,,,,,,,,,,,,,,,,,,,,
,,,,,,,,,,,,,,,,,,,,,,,,,,
,,,,,,,,,,,,,,,,,,,,,,,,,,
,,,,,,,,,,,,,,,,,,,,,,,,,,
,,,,,,,,,,,,,,,,,,,,,,,,,,
,,,,,,,,,,,,,,,,,,,,,,,,,,
,,,,,,,,,,,,,,,,,,,,,,,,,,
,,,,,,,,,,,,,,,,,,,,,,,,,,
,,,,,,,,,,,,,,,,,,,,,,,,,,
,,,,,,,,,,,,,,,,,,,,,,,,,,
,,,,,,,,,,,,,,,,,,,,,,,,,,
,,,,,,,,,,,,,,,,,,,,,,,,,,
,,,,,,,,,,,,,,,,,,,,,,,,,,
,,,,,,,,,,,,,,,,,,,,,,,,,,
,,,,,,,,,,,,,,,,,,,,,,,,,,
,,,,,,,,,,,,,,,,,,,,,,,,,,
,,,,,,,,,,,,,,,,,,,,,,,,,,
,,,,,,,,,,,,,,,,,,,,,,,,,,
,,,,,,,,,,,,,,,,,,,,,,,,,,
,,,,,,,,,,,,,,,,,,,,,,,,,,
,,,,,,,,,,,,,,,,,,,,,,,,,,
,,,,,,,,,,,,,,,,,,,,,,,,,,
,,,,,,,,,,,,,,,,,,,,,,,,,,
,,,,,,,,,,,,,,,,,,,,,,,,,,
,,,,,,,,,,,,,,,,,,,,,,,,,,
,,,,,,,,,,,,,,,,,,,,,,,,,,
,,,,,,,,,,,,,,,,,,,,,,,,,,
,,,,,,,,,,,,,,,,,,,,,,,,,,
,,,,,,,,,,,,,,,,,,,,,,,,,,
,,,,,,,,,,,,,,,,,,,,,,,,,,
,,,,,,,,,,,,,,,,,,,,,,,,,,
,,,,,,,,,,,,,,,,,,,,,,,,,,
,,,,,,,,,,,,,,,,,,,,,,,,,,
,,,,,,,,,,,,,,,,,,,,,,,,,,
,,,,,,,,,,,,,,,,,,,,,,,,,,
,,,,,,,,,,,,,,,,,,,,,,,,,,
,,,,,,,,,,,,,,,,,,,,,,,,,,
,,,,,,,,,,,,,,,,,,,,,,,,,,
,,,,,,,,,,,,,,,,,,,,,,,,,,
,,,,,,,,,,,,,,,,,,,,,,,,,,
,,,,,,,,,,,,,,,,,,,,,,,,,,
,,,,,,,,,,,,,,,,,,,,,,,,,,
,,,,,,,,,,,,,,,,,,,,,,,,,,
,,,,,,,,,,,,,,,,,,,,,,,,,,
,,,,,,,,,,,,,,,,,,,,,,,,,,
,,,,,,,,,,,,,,,,,,,,,,,,,,
,,,,,,,,,,,,,,,,,,,,,,,,,,
,,,,,,,,,,,,,,,,,,,,,,,,,,
,,,,,,,,,,,,,,,,,,,,,,,,,,
,,,,,,,,,,,,,,,,,,,,,,,,,,
,,,,,,,,,,,,,,,,,,,,,,,,,,
,,,,,,,,,,,,,,,,,,,,,,,,,,
,,,,,,,,,,,,,,,,,,,,,,,,,,
,,,,,,,,,,,,,,,,,,,,,,,,,,
,,,,,,,,,,,,,,,,,,,,,,,,,,
,,,,,,,,,,,,,,,,,,,,,,,,,,
,,,,,,,,,,,,,,,,,,,,,,,,,,
,,,,,,,,,,,,,,,,,,,,,,,,,,
,,,,,,,,,,,,,,,,,,,,,,,,,,
,,,,,,,,,,,,,,,,,,,,,,,,,,
,,,,,,,,,,,,,,,,,,,,,,,,,,
,,,,,,,,,,,,,,,,,,,,,,,,,,
,,,,,,,,,,,,,,,,,,,,,,,,,,
,,,,,,,,,,,,,,,,,,,,,,,,,,
,,,,,,,,,,,,,,,,,,,,,,,,,,
,,,,,,,,,,,,,,,,,,,,,,,,,,
,,,,,,,,,,,,,,,,,,,,,,,,,,
,,,,,,,,,,,,,,,,,,,,,,,,,,
,,,,,,,,,,,,,,,,,,,,,,,,,,
,,,,,,,,,,,,,,,,,,,,,,,,,,
,,,,,,,,,,,,,,,,,,,,,,,,,,
,,,,,,,,,,,,,,,,,,,,,,,,,,
,,,,,,,,,,,,,,,,,,,,,,,,,,
,,,,,,,,,,,,,,,,,,,,,,,,,,
,,,,,,,,,,,,,,,,,,,,,,,,,,
,,,,,,,,,,,,,,,,,,,,,,,,,,
,,,,,,,,,,,,,,,,,,,,,,,,,,
,,,,,,,,,,,,,,,,,,,,,,,,,,
,,,,,,,,,,,,,,,,,,,,,,,,,,
,,,,,,,,,,,,,,,,,,,,,,,,,,
,,,,,,,,,,,,,,,,,,,,,,,,,,
,,,,,,,,,,,,,,,,,,,,,,,,,,
,,,,,,,,,,,,,,,,,,,,,,,,,,
,,,,,,,,,,,,,,,,,,,,,,,,,,
,,,,,,,,,,,,,,,,,,,,,,,,,,
,,,,,,,,,,,,,,,,,,,,,,,,,,
,,,,,,,,,,,,,,,,,,,,,,,,,,
,,,,,,,,,,,,,,,,,,,,,,,,,,
,,,,,,,,,,,,,,,,,,,,,,,,,,
,,,,,,,,,,,,,,,,,,,,,,,,,,
,,,,,,,,,,,,,,,,,,,,,,,,,,
,,,,,,,,,,,,,,,,,,,,,,,,,,
,,,,,,,,,,,,,,,,,,,,,,,,,,
,,,,,,,,,,,,,,,,,,,,,,,,,,
,,,,,,,,,,,,,,,,,,,,,,,,,,
,,,,,,,,,,,,,,,,,,,,,,,,,,
,,,,,,,,,,,,,,,,,,,,,,,,,,
,,,,,,,,,,,,,,,,,,,,,,,,,,
,,,,,,,,,,,,,,,,,,,,,,,,,,
